step,type,amount,nameOrig,oldbalanceOrg,newbalanceOrig,nameDest,oldbalanceDest,newbalanceDest,isFraud,isFlaggedFraud
301,CASH_OUT,206928.59,C849302926,341302.0,134373.41,C1024713321,159538.16,366466.75,0,0
40,CASH_OUT,110549.95,C2084059243,37987.0,0.0,C301606086,816409.82,926959.78,0,0
684,CASH_OUT,291046.75,C598200494,0.0,0.0,C246480545,1088664.44,1379711.19,0,0
19,TRANSFER,673937.96,C725373692,0.0,0.0,C515132998,12572502.36,12942188.99,0,0
159,CASH_OUT,289584.42,C76737357,61562.0,0.0,C483323349,0.0,289584.42,0,0
206,CASH_OUT,104856.87,C745938486,70683.0,0.0,C1318248262,2066408.07,2171264.94,0,0
43,TRANSFER,558989.69,C1690494433,10918.0,0.0,C1629328599,0.0,558989.69,0,0
276,CASH_OUT,464420.52,C1798718662,0.0,0.0,C1152616077,11005930.63,11470351.15,0,0
37,CASH_OUT,100944.02,C83318732,49802.0,0.0,C1979080020,199396.29,300340.31,0,0
298,TRANSFER,191451.57,C472177859,0.0,0.0,C1565885193,2087721.11,2279172.68,0,0
207,CASH_OUT,266794.51,C850967387,0.0,0.0,C1237401293,1287420.94,1554215.45,0,0
8,TRANSFER,75378.33,C783253111,0.0,0.0,C423375700,219142.47,51174.14,0,0
259,CASH_OUT,231086.67,C499194934,0.0,0.0,C1733155830,796587.11,1027673.78,0,0
11,CASH_OUT,62038.34,C608846722,0.0,0.0,C1561868589,98088.0,284863.75,0,0
209,CASH_OUT,80086.83,C605081157,46404.0,0.0,C1483842551,0.0,80086.83,0,0
345,CASH_OUT,219376.54,C1165842704,1103.0,0.0,C881500868,41597.59,260974.14,0,0
298,TRANSFER,434036.56,C1650797377,0.0,0.0,C602850620,3666699.74,4100736.29,0,0
13,TRANSFER,516038.37,C1997479802,0.0,0.0,C507536444,771079.37,1397556.0,0,0
139,TRANSFER,3193946.09,C256950950,0.0,0.0,C1761861940,9513146.36,12873908.07,0,0
373,CASH_OUT,73467.73,C295689089,0.0,0.0,C1451001074,252133.41,325601.14,0,0
36,CASH_OUT,274200.77,C1053792045,0.0,0.0,C316911823,808958.29,1083159.06,0,0
19,CASH_OUT,168248.84,C2079762328,0.0,0.0,C1044935616,298818.41,467067.25,0,0
9,CASH_OUT,44174.85,C68729846,272504.8,228329.96,C524837856,0.0,44174.85,0,0
661,CASH_OUT,79493.2,C563348095,99105.87,19612.67,C1815291754,150642.25,230135.45,0,0
275,CASH_OUT,91008.71,C1091072515,0.0,0.0,C748035336,6359294.67,6450303.39,0,0
328,CASH_OUT,172640.09,C1563400233,0.0,0.0,C184324224,1001201.65,1173841.75,0,0
328,TRANSFER,1407585.98,C2075137330,0.0,0.0,C121060659,1557791.3,2965377.28,0,0
35,CASH_OUT,183254.83,C1614593474,0.0,0.0,C840370364,756396.34,830175.54,0,0
14,CASH_OUT,206427.64,C582418792,0.0,0.0,C1430463714,3166094.81,3248944.39,0,0
205,TRANSFER,553861.01,C244455377,9181.15,0.0,C1207135554,3453366.12,4007227.13,0,0
298,CASH_OUT,163081.39,C784201106,0.0,0.0,C979424664,2266208.05,2429289.44,0,0
259,CASH_OUT,94164.7,C1960970331,21966.0,0.0,C892202084,1260110.83,1354275.54,0,0
406,CASH_OUT,75705.41,C1421366015,0.0,0.0,C1699759559,977027.89,1052733.3,0,0
275,CASH_OUT,127230.64,C2130179460,103077.0,0.0,C2100074527,0.0,127230.64,0,0
156,CASH_OUT,238342.54,C703841759,0.0,0.0,C2041502130,468411.53,706754.08,0,0
304,TRANSFER,14081938.48,C629542162,327361.74,0.0,C226906262,15724667.63,29806606.11,0,0
323,TRANSFER,1979812.19,C1053244081,32203.0,0.0,C807287381,0.0,1979812.19,0,0
528,TRANSFER,311234.46,C1635920550,311234.46,0.0,C942070496,0.0,0.0,1,0
15,CASH_OUT,77036.77,C1932707184,0.0,0.0,C1800686774,1819829.15,1896865.92,0,0
129,CASH_OUT,135297.0,C932922298,92970.0,0.0,C490917317,515432.56,650729.56,0,0
52,CASH_OUT,7484125.12,C99129129,7484125.12,0.0,C1179262893,62896.23,7547021.36,1,0
355,CASH_OUT,262739.32,C2030905300,880194.0,617454.68,C99131609,257197.85,519937.18,0,0
403,CASH_OUT,152372.52,C599594529,24613.0,0.0,C309985920,2745616.68,2897989.2,0,0
40,CASH_OUT,127972.73,C1605083864,0.0,0.0,C779184860,1412131.92,1540104.65,0,0
42,CASH_OUT,179951.86,C1316008874,14640.0,0.0,C109980101,257206.53,462144.4,0,0
183,CASH_OUT,85077.82,C1415874541,7226.0,0.0,C1856224813,16103.14,101180.96,0,0
161,TRANSFER,304533.31,C3843144,46737.0,0.0,C1349385932,0.0,535742.81,0,0
254,CASH_OUT,29849.27,C1967898592,2294.91,0.0,C1663806521,2145544.17,2175393.44,0,0
206,TRANSFER,37545.55,C467614204,0.0,0.0,C1974680314,870631.72,1040066.08,0,0
228,CASH_OUT,114446.72,C1517210515,0.0,0.0,C646699536,972042.92,1086489.64,0,0
351,CASH_OUT,56100.2,C290461359,20110.0,0.0,C1921916477,511432.22,567532.43,0,0
136,CASH_OUT,100557.58,C1353968818,21004.0,0.0,C1883368907,228470.42,329028.0,0,0
155,CASH_OUT,127175.66,C575010971,152300.68,25125.02,C609411355,263302.71,390478.37,0,0
617,CASH_OUT,10000000.0,C841821564,10000000.0,0.0,C769108247,0.0,10000000.0,1,0
142,CASH_OUT,103148.27,C280038058,174.0,0.0,C1018376467,170176.0,273324.27,0,0
140,CASH_OUT,114766.25,C18041475,0.0,0.0,C1631210013,2645295.52,2760061.77,0,0
285,CASH_OUT,86897.77,C503280161,0.0,0.0,C1850407131,150067.83,236965.6,0,0
131,CASH_OUT,655434.65,C689903062,239.0,0.0,C1851982775,265541.18,920975.82,0,0
348,CASH_OUT,215539.2,C273375474,0.0,0.0,C1006338387,2107157.09,2322696.29,0,0
707,CASH_OUT,205003.89,C1104487330,142417.0,0.0,C1826112796,68634.57,273638.46,0,0
371,CASH_OUT,104797.3,C1004407302,118133.0,13335.7,C687000264,43191.78,147989.08,0,0
444,CASH_OUT,348055.47,C1671922232,348055.47,0.0,C965261353,9391.67,357447.14,1,0
331,CASH_OUT,112970.88,C358342561,154445.83,41474.95,C2146140891,149706.95,262677.83,0,0
370,CASH_OUT,155562.0,C66791093,0.0,0.0,C937360735,1054582.88,1210144.89,0,0
225,TRANSFER,1329168.71,C1693284053,165.0,0.0,C1123619562,218835.29,1548004.01,0,0
252,TRANSFER,377322.81,C1890830341,591240.0,213917.19,C889267095,326157.84,868616.2,0,0
209,CASH_OUT,118438.13,C566037750,13172.0,0.0,C627536279,23508.04,141946.17,0,0
185,CASH_OUT,12670.31,C980181000,0.0,0.0,C1694413264,346849.42,359519.73,0,0
162,TRANSFER,552967.04,C177469495,20811.0,0.0,C358763483,738508.71,1291475.75,0,0
11,CASH_OUT,142490.33,C2140076546,0.0,0.0,C542837562,841959.03,984449.37,0,0
324,CASH_OUT,75482.67,C1920431434,20973.0,0.0,C2103708583,0.0,75482.67,0,0
403,TRANSFER,926369.32,C1372283254,317.0,0.0,C429936021,0.0,926369.32,0,0
10,CASH_OUT,345539.01,C1675160783,0.0,0.0,C1165398731,1061017.14,1406556.15,0,0
21,TRANSFER,1397245.99,C2103637093,0.0,0.0,C436118703,2375573.18,3772819.18,0,0
179,CASH_OUT,190663.02,C165749396,60822.0,0.0,C1807796849,0.0,190663.02,0,0
227,CASH_OUT,728229.28,C1320516271,0.0,0.0,C850297748,3060897.58,3789126.86,0,0
14,CASH_OUT,204989.3,C1052750534,11897.0,0.0,C2087172084,239.0,295609.43,0,0
19,CASH_OUT,162556.57,C1042912202,15089.0,0.0,C2130990850,0.0,162556.57,0,0
131,CASH_OUT,61986.2,C1101142557,59911.0,0.0,C772863309,185.0,62171.2,0,0
202,CASH_OUT,166843.42,C722237855,275.0,0.0,C1022248193,0.0,166843.42,0,0
373,CASH_OUT,108003.04,C1594926490,31650.0,0.0,C418098367,1772618.72,1880621.76,0,0
324,CASH_OUT,160788.39,C728707399,0.0,0.0,C823705021,840233.92,1001022.3,0,0
446,CASH_OUT,398041.98,C771336671,398041.98,0.0,C2075775339,422191.28,820233.26,1,0
424,TRANSFER,2772748.37,C366210516,2772748.37,0.0,C1877132706,0.0,0.0,1,0
259,CASH_OUT,188008.35,C1317455656,3039.0,0.0,C985500612,1000131.16,1188139.51,0,0
42,CASH_OUT,10696.96,C1450312035,0.0,0.0,C169230599,116953.26,28636.24,0,0
41,CASH_OUT,36515.96,C899952475,120256.0,83740.04,C787239195,5020.0,0.0,0,0
206,CASH_OUT,235750.53,C1212143381,235750.53,0.0,C605351789,416.92,236167.45,1,0
603,TRANSFER,39247.74,C1777586207,39247.74,0.0,C1509442679,0.0,0.0,1,0
155,CASH_OUT,443510.21,C1625630830,10419.0,0.0,C1664597985,7707111.45,8150621.66,0,0
164,CASH_OUT,82403.69,C1102207196,0.0,0.0,C1661355634,4686160.46,4768564.15,0,0
164,TRANSFER,235778.99,C1771220844,7736.9,0.0,C1516230797,1087843.51,1323622.5,0,0
252,TRANSFER,152666.27,C1364690169,0.0,0.0,C1444306393,2988073.25,3140739.53,0,0
375,CASH_OUT,440819.85,C834981633,0.0,0.0,C1819232721,3280372.51,3721192.36,0,0
141,CASH_OUT,284584.75,C110770097,93188.0,0.0,C574677557,0.0,284584.75,0,0
397,CASH_OUT,340969.79,C2063775043,0.0,0.0,C2135910164,451543.06,792512.84,0,0
298,CASH_OUT,402703.66,C979154617,903.0,0.0,C902685421,0.0,402703.66,0,0
43,CASH_OUT,5890.02,C640055834,31277.0,25386.98,C453497137,1787285.91,1793175.93,0,0
324,CASH_OUT,142197.33,C1857811864,0.0,0.0,C576829100,744665.1,886862.43,0,0
580,TRANSFER,628697.26,C579184994,628697.26,0.0,C855476478,0.0,0.0,1,0
135,CASH_OUT,28409.96,C1759674246,0.0,0.0,C949716071,954666.31,983076.27,0,0
222,TRANSFER,35759.12,C1139136882,35759.12,0.0,C1587529790,0.0,0.0,1,0
45,CASH_OUT,8427.09,C289828558,352389.0,343961.91,C797595710,14375.78,22802.86,0,0
365,CASH_OUT,93581.19,C750171680,93581.19,0.0,C220373789,0.0,93581.19,1,0
379,TRANSFER,548208.8,C279731545,19970.0,0.0,C1677373734,55559.56,603768.36,0,0
234,CASH_OUT,73976.15,C1991799516,0.0,0.0,C2048666655,136593.65,210569.8,0,0
369,CASH_OUT,146254.51,C954495447,28748.0,0.0,C959883104,1062610.38,1208864.89,0,0
278,CASH_OUT,2373.98,C110677614,21019.0,18645.02,C520492402,0.0,2373.98,0,0
138,CASH_OUT,228065.63,C18554987,0.0,0.0,C225855424,2537716.14,2765781.77,0,0
353,CASH_OUT,332938.49,C1943042767,145818.0,0.0,C1139859334,1763374.88,2096313.38,0,0
186,CASH_OUT,42494.1,C1767931539,0.0,0.0,C1086191839,129169.5,171663.6,0,0
205,CASH_OUT,225099.88,C1198627899,104208.57,0.0,C248732745,817501.09,1042600.97,0,0
161,CASH_OUT,394864.64,C1257728751,28711.0,0.0,C1193122248,1278852.74,2998268.45,0,0
205,CASH_OUT,243408.12,C1259153495,438387.0,194978.88,C1910009935,1342774.32,1586182.44,0,0
19,CASH_OUT,397269.92,C1809955165,34274.0,0.0,C1324646278,23159.86,901914.03,0,0
374,TRANSFER,757019.51,C237411745,7540.0,0.0,C231552689,0.0,757019.51,0,0
283,CASH_OUT,145361.48,C972751023,104430.0,0.0,C1612147300,1508750.01,1654111.49,0,0
47,CASH_OUT,88526.91,C1848385755,0.0,0.0,C215314598,119511.41,208038.32,0,0
43,CASH_OUT,32152.53,C1550423452,0.0,0.0,C1257447235,230810.8,262963.32,0,0
12,CASH_OUT,127223.93,C1416744866,30819.0,0.0,C1065918606,0.0,127223.93,0,0
375,CASH_OUT,57400.77,C107169187,0.0,0.0,C301964827,450246.51,507647.28,0,0
43,TRANSFER,766375.8,C1158493149,105351.0,0.0,C1219335786,113881.59,1324508.39,0,0
262,TRANSFER,749290.71,C877735877,0.0,0.0,C250929462,786336.42,1535627.13,0,0
184,CASH_OUT,163057.49,C231732656,11944.0,0.0,C576979136,185348.75,348406.24,0,0
260,CASH_OUT,145045.4,C136388368,129307.0,0.0,C237966693,280829.65,425875.05,0,0
356,CASH_OUT,72078.72,C1793489065,0.0,0.0,C2066585064,3423055.87,3495134.59,0,0
186,CASH_OUT,6688.93,C844989965,112228.6,105539.67,C2075422248,855950.54,862639.47,0,0
589,TRANSFER,15303.29,C288006411,0.0,0.0,C1251076372,439971.59,455274.88,0,0
136,CASH_OUT,80980.29,C2021955844,179.0,0.0,C203324796,4444012.28,4524992.57,0,0
355,CASH_OUT,133158.7,C256817456,174460.0,41301.3,C2121392101,195574.46,328733.15,0,0
280,CASH_OUT,118032.11,C60573703,0.0,0.0,C1552916967,10016008.64,10134040.75,0,0
354,CASH_OUT,175125.57,C906846195,760.0,0.0,C453414827,740575.53,915701.1,0,0
13,CASH_OUT,338946.85,C706949829,61730.0,0.0,C898092839,671248.97,1116112.03,0,0
378,CASH_OUT,325920.44,C1785646795,0.0,0.0,C456843293,333368.2,659288.64,0,0
138,CASH_OUT,286550.15,C1076823776,70904.0,0.0,C1527117623,0.0,471910.25,0,0
13,CASH_OUT,106410.3,C1257045457,0.0,0.0,C536421137,4187685.94,4294096.24,0,0
17,CASH_OUT,262714.83,C277227733,30865.0,0.0,C479876560,62143.0,842137.29,0,0
23,CASH_OUT,34248.53,C890408869,43740.0,9491.47,C753031291,291206.19,325454.73,0,0
254,CASH_OUT,120020.89,C1834271135,4479.0,0.0,C953370658,67158.18,187179.06,0,0
307,CASH_OUT,441423.44,C479817904,441423.44,0.0,C2038026076,671179.67,1112603.11,1,0
33,TRANSFER,1226722.05,C1935220825,10362.0,0.0,C1346052990,931529.47,2158251.52,0,0
394,CASH_OUT,268718.48,C1782333193,188597.0,0.0,C1515186591,0.0,268718.48,0,0
164,CASH_OUT,55444.06,C1614933868,411091.87,355647.82,C760314240,0.0,55444.06,0,0
327,CASH_OUT,406159.12,C1335111888,851.0,0.0,C341002557,2067517.98,2473677.1,0,0
10,CASH_OUT,155480.98,C1395544200,0.0,0.0,C1038898401,2124885.05,2203084.72,0,0
299,CASH_OUT,156520.08,C718312799,0.0,0.0,C1233497086,6064456.05,6220976.13,0,0
202,CASH_OUT,220141.6,C1630635939,0.0,0.0,C1897901588,252408.99,472550.59,0,0
182,CASH_OUT,394391.48,C1176668266,24919.34,0.0,C329456197,5279760.08,5674151.55,0,0
43,CASH_OUT,22994.19,C1654735634,20263.0,0.0,C766831742,40232.36,63226.55,0,0
212,CASH_OUT,30466.9,C1709732155,10016.0,0.0,C504703897,0.0,30466.9,0,0
133,CASH_OUT,372234.5,C1047974117,36610.0,0.0,C1828626693,92581.82,464816.33,0,0
278,CASH_OUT,23811.44,C445078580,0.0,0.0,C1305773699,479104.55,502915.99,0,0
225,CASH_OUT,146957.83,C1371081402,502782.0,355824.17,C1033724487,834254.41,981212.23,0,0
276,CASH_OUT,60308.11,C1769246343,0.0,0.0,C276929686,2126506.09,2186814.2,0,0
509,TRANSFER,23413.67,C2101272000,23413.67,0.0,C255541655,0.0,0.0,1,0
20,CASH_OUT,25831.46,C964496674,21900.0,0.0,C927977902,661108.47,686939.93,0,0
377,CASH_OUT,48883.97,C16168581,79076.14,30192.16,C1385929184,2048592.29,2097476.26,0,0
252,CASH_OUT,414800.19,C1544458326,0.0,0.0,C422657587,516712.33,931512.52,0,0
321,CASH_OUT,309059.06,C792021096,107550.0,0.0,C161956370,27969.72,337028.78,0,0
133,CASH_OUT,271155.27,C1119598065,100947.0,0.0,C1279999852,1418360.83,1689516.1,0,0
275,CASH_OUT,45125.72,C1843991794,0.0,0.0,C1648395180,96916.34,142042.06,0,0
9,CASH_OUT,106180.4,C1582227106,368747.0,262566.6,C273797218,0.0,114319.43,0,0
41,CASH_OUT,21100.09,C1700844278,0.0,0.0,C1214649208,852987.84,874087.93,0,0
278,CASH_OUT,264105.48,C1074244580,0.0,0.0,C1740195625,474734.8,738840.28,0,0
726,TRANSFER,3547010.54,C2022499393,3547010.54,0.0,C401908877,0.0,0.0,1,0
380,CASH_OUT,26100.12,C1027574280,47831.98,21731.86,C236124247,37798.56,63898.68,0,0
61,TRANSFER,37720.99,C2113787126,37720.99,0.0,C2003052554,0.0,0.0,1,0
15,TRANSFER,407489.22,C248383996,404055.56,0.0,C638869140,1656179.02,1888907.1,0,0
547,CASH_OUT,101367.82,C1289242339,9972.0,0.0,C1496256450,2931530.98,3032898.8,0,0
330,TRANSFER,167009.81,C1089175199,102002.65,0.0,C523017907,214213.97,381223.78,0,0
325,CASH_OUT,228145.87,C844460527,9562.0,0.0,C1521902436,0.0,228145.87,0,0
136,TRANSFER,61264.75,C778907044,35029.0,0.0,C2001263601,0.0,61264.75,0,0
401,CASH_OUT,4481768.26,C1705612559,4481768.26,0.0,C1077224856,345600.94,4827369.2,1,0
329,CASH_OUT,120302.25,C1271731836,0.0,0.0,C1396618865,7121622.27,7241924.52,0,0
20,CASH_OUT,125619.27,C140216734,22065.0,0.0,C275121476,322411.05,448030.32,0,0
183,CASH_OUT,16505.87,C999580525,100682.0,84176.13,C1759817636,2578847.54,2595353.41,0,0
35,CASH_OUT,51728.97,C2002492902,0.0,0.0,C1383963902,4962290.2,5014019.18,0,0
34,CASH_OUT,138312.55,C2076078527,0.0,0.0,C647560268,1676780.02,1815092.57,0,0
11,CASH_OUT,89539.44,C1659674160,622.0,0.0,C1719934164,16375.0,105914.44,0,0
330,TRANSFER,370397.8,C1090278804,609401.0,239003.2,C1028546606,800.55,371198.36,0,0
188,CASH_OUT,81348.96,C534745704,228212.17,146863.22,C710550995,313330.57,99380.0,0,0
301,CASH_OUT,224191.35,C920147179,0.0,0.0,C541981290,2186815.86,2411007.21,0,0
354,TRANSFER,629664.84,C89852019,0.0,0.0,C355981153,3527034.31,4156699.15,0,0
355,CASH_OUT,88328.14,C2143782213,634.0,0.0,C1973999005,8267617.65,8355945.78,0,0
396,TRANSFER,706948.83,C662386538,0.0,0.0,C2009345756,1714260.01,2421208.83,0,0
185,TRANSFER,40482.23,C1805204424,0.0,0.0,C882486534,116252.73,156734.95,0,0
255,TRANSFER,174192.85,C1440944652,392462.0,218269.15,C955959071,518517.91,692710.76,0,0
230,CASH_OUT,148868.03,C1815184691,0.0,0.0,C42959453,204639.21,353507.25,0,0
328,TRANSFER,43814.15,C1204866352,43814.15,0.0,C16371707,0.0,0.0,1,0
400,CASH_OUT,190108.79,C750789960,36075.38,0.0,C1389813750,701369.5,891478.29,0,0
36,CASH_OUT,216749.63,C227813476,0.0,0.0,C1056391225,547329.7,764079.33,0,0
308,CASH_OUT,77793.9,C676236411,1866.0,0.0,C1569762018,288772.87,366566.77,0,0
354,TRANSFER,195080.26,C1972672038,0.0,0.0,C936076421,1535837.84,1730918.1,0,0
41,CASH_OUT,124563.3,C1260731090,21405.0,0.0,C1703227154,1819616.84,1944180.14,0,0
353,CASH_OUT,485940.67,C677127520,75600.0,0.0,C1547223596,0.0,485940.67,0,0
409,TRANSFER,1050135.78,C949114642,1050135.78,0.0,C189961618,0.0,0.0,1,0
308,TRANSFER,443682.96,C1174423768,443682.96,0.0,C861921612,0.0,0.0,1,0
37,CASH_OUT,117507.94,C1050359173,0.0,0.0,C242347018,331401.51,448909.46,0,0
178,CASH_OUT,8494.95,C1914637290,20523.0,12028.05,C777516521,911577.91,920072.86,0,0
399,CASH_OUT,146066.23,C322383598,0.0,0.0,C1069643647,2463513.24,2609579.47,0,0
239,TRANSFER,1044832.95,C1885202301,93819.32,0.0,C1049989723,3366020.0,4410852.96,0,0
348,CASH_OUT,195275.66,C1569412176,0.0,0.0,C144989933,3662599.84,3857875.5,0,0
257,CASH_OUT,145806.53,C1341182135,155043.0,9236.47,C1764329393,180996.47,326803.0,0,0
259,CASH_OUT,15552.26,C445305736,14268.0,0.0,C1037648300,498238.25,513790.51,0,0
156,CASH_OUT,167102.67,C688072468,0.0,0.0,C1963312521,843267.7,1010370.37,0,0
138,CASH_OUT,76928.15,C548290889,0.0,0.0,C1323973618,248799.72,325727.87,0,0
153,TRANSFER,1297411.88,C139263475,979.0,0.0,C639377486,0.0,1297411.88,0,0
162,CASH_OUT,134828.15,C1937626060,7290.0,0.0,C1791927093,221623.87,356452.02,0,0
14,TRANSFER,248623.15,C600013551,35456.0,0.0,C448441721,543222.37,1104796.66,0,0
378,CASH_OUT,91304.53,C410281463,0.0,0.0,C1101624960,1306280.45,1397584.98,0,0
352,TRANSFER,179.2,C587011102,0.0,0.0,C1155794985,3579.35,3758.55,0,0
236,CASH_OUT,385657.58,C1077942843,0.0,0.0,C2089080925,5931453.35,6317110.94,0,0
43,CASH_OUT,183900.43,C1374842526,0.0,0.0,C41267144,1497734.1,1681634.53,0,0
162,CASH_OUT,90718.4,C293797827,0.0,0.0,C181074012,4954385.66,5045104.06,0,0
140,CASH_OUT,248451.11,C607901010,5379.0,0.0,C1188993827,1252224.42,1500675.54,0,0
11,CASH_OUT,645749.39,C1762353112,30474.0,0.0,C1317189808,138523.6,784272.99,0,0
373,CASH_OUT,292868.33,C770484223,1716.0,0.0,C1947299645,3275.51,296143.84,0,0
232,CASH_OUT,201183.43,C635234199,30927.0,0.0,C1812068868,137041.45,338224.88,0,0
42,CASH_OUT,95706.45,C1273983369,0.0,0.0,C564081551,201063.37,296769.83,0,0
332,CASH_OUT,41969.09,C1196869428,0.0,0.0,C1548297336,242985.7,284954.79,0,0
164,CASH_OUT,154273.89,C102410140,20062.0,0.0,C1266145410,716205.07,870478.96,0,0
349,CASH_OUT,281520.48,C492265678,119746.0,0.0,C1844204562,13844971.6,14126492.08,0,0
137,CASH_OUT,119876.16,C1962616295,138961.58,19085.42,C1420418310,0.0,119876.16,0,0
74,TRANSFER,74177.92,C1294027751,74177.92,0.0,C1027008059,0.0,0.0,1,0
230,CASH_OUT,10734.36,C1813306027,207607.0,196872.64,C2131232057,771749.06,782483.41,0,0
411,CASH_OUT,427373.65,C1090338431,427373.65,0.0,C347796427,64983.82,492357.46,1,0
212,CASH_OUT,263085.37,C1284687086,0.0,0.0,C346055409,1319713.78,1582799.15,0,0
350,TRANSFER,796917.03,C185002519,0.0,0.0,C199055870,3193260.9,3990177.93,0,0
153,CASH_OUT,93800.83,C1604145572,32109.0,0.0,C1882849103,116918.95,210719.77,0,0
370,TRANSFER,1749510.88,C729776179,21072.0,0.0,C1915410864,164707.15,1914218.03,0,0
159,CASH_OUT,284247.2,C1024620147,0.0,0.0,C334261928,4296860.07,4581107.26,0,0
283,CASH_OUT,131431.26,C745587529,20233.0,0.0,C1013369800,8237727.85,8369159.11,0,0
133,CASH_OUT,346627.16,C1234081622,168052.0,0.0,C1725875983,597934.17,944561.32,0,0
307,CASH_OUT,5286.43,C1688359848,50751.0,45464.57,C1888152938,2400592.4,2405878.84,0,0
228,TRANSFER,119558.2,C1590326656,0.0,0.0,C130375618,915974.8,1035533.01,0,0
11,CASH_OUT,53890.43,C1279914913,394.0,0.0,C1938841087,1222945.22,2453161.15,0,0
42,CASH_OUT,192684.58,C1872249890,151413.45,0.0,C1700570565,449371.86,642056.43,0,0
249,TRANSFER,520688.41,C2138376919,0.0,0.0,C710903084,2465135.6,2985824.0,0,0
166,CASH_OUT,109835.0,C1205011973,0.0,0.0,C556342878,231598.8,341433.79,0,0
356,CASH_OUT,273883.45,C1832592733,0.0,0.0,C1393179201,670772.42,944655.87,0,0
186,CASH_OUT,251956.12,C1439550878,0.0,0.0,C1049870669,301235.0,7855930.19,0,0
356,TRANSFER,3462425.35,C1102966749,0.0,0.0,C1443003896,6533278.82,9995704.17,0,0
394,CASH_OUT,112833.08,C792567156,14698.0,0.0,C1142989453,139475.12,252308.2,0,0
331,CASH_OUT,193936.26,C1777674919,0.0,0.0,C768528275,473744.05,667680.31,0,0
208,TRANSFER,3864609.52,C1437293424,3864609.52,0.0,C210615466,0.0,0.0,1,0
373,CASH_OUT,267502.85,C197666080,316445.18,48942.33,C2080969386,2363167.58,2630670.43,0,0
253,CASH_OUT,159317.29,C1875553629,0.0,0.0,C900098175,1413254.21,1572571.5,0,0
139,CASH_OUT,87237.84,C1503336160,23513.0,0.0,C100590696,1898937.33,1986175.16,0,0
332,CASH_OUT,28113.64,C1256532853,0.0,0.0,C1301907612,5792367.04,5820480.69,0,0
132,CASH_OUT,328621.48,C347978900,1178.0,0.0,C277339304,96794.39,425415.87,0,0
34,CASH_OUT,365623.14,C1924988031,0.0,0.0,C1701412896,2772896.09,3138519.23,0,0
133,CASH_OUT,133006.27,C871966319,17257.95,0.0,C1104507992,1067020.08,1237162.87,0,0
308,CASH_OUT,27824.06,C1898801525,99285.0,71460.94,C1072438844,147117.15,174941.21,0,0
210,CASH_OUT,128070.83,C1766442645,119.0,0.0,C252005374,24218.41,152289.24,0,0
14,CASH_OUT,252664.83,C2131584322,0.0,0.0,C973644279,793438.41,1046103.25,0,0
257,CASH_OUT,247285.98,C502840908,0.0,0.0,C1271991336,2039085.17,2454199.79,0,0
354,CASH_OUT,495.56,C44274352,10841.0,10345.44,C1740191127,86153.9,86649.46,0,0
257,CASH_OUT,247853.55,C1749484534,0.0,0.0,C932439018,1055581.86,1303435.4,0,0
300,CASH_OUT,183640.84,C1713983437,1684.0,0.0,C1107341520,0.0,183640.84,0,0
140,CASH_OUT,155999.81,C1058919499,16091.0,0.0,C916447384,56951.59,212951.4,0,0
17,CASH_OUT,378222.8,C761237174,0.0,0.0,C752814185,1133699.51,1435792.56,0,0
250,TRANSFER,947634.61,C1947116556,60093.0,0.0,C33553696,231772.57,1179407.18,0,0
80,CASH_OUT,42659.39,C73677947,42659.39,0.0,C1626691330,173558.43,216217.82,1,0
322,CASH_OUT,23931.24,C1515616115,56153.0,32221.76,C988213261,1201017.94,1224949.18,0,0
401,CASH_OUT,318137.47,C394764544,10318.0,0.0,C733417481,0.0,318137.47,0,0
330,CASH_OUT,132257.28,C1443538859,0.0,0.0,C1054097984,828735.18,960992.46,0,0
261,CASH_OUT,135360.68,C898054312,0.0,0.0,C580913459,966448.93,1101809.61,0,0
163,CASH_OUT,117077.4,C251144714,0.0,0.0,C1021790512,8290600.53,8407677.94,0,0
159,TRANSFER,288373.24,C123292072,259122.0,0.0,C698327623,0.0,288373.24,0,0
640,CASH_OUT,230250.51,C643714199,150.0,0.0,C1849361300,0.0,230250.51,0,0
181,CASH_OUT,438410.27,C1817495594,203962.0,0.0,C70267368,188226.25,626636.51,0,0
256,TRANSFER,218006.94,C1085444928,37416.0,0.0,C1773904694,312459.08,530466.02,0,0
278,CASH_OUT,11335.35,C1860613943,2918.0,0.0,C57640558,176586.69,187922.04,0,0
250,TRANSFER,940008.95,C1669630308,0.0,0.0,C1768909938,1148418.82,3027956.89,0,0
236,TRANSFER,296696.33,C461970210,0.0,0.0,C1388096959,303028.61,599724.94,0,0
36,CASH_OUT,313259.63,C979049929,133458.23,0.0,C705570709,1087071.95,1637237.24,0,0
439,CASH_OUT,112656.24,C567378649,112656.24,0.0,C1804497744,0.0,112656.24,1,0
235,CASH_OUT,192990.15,C1540441399,0.0,0.0,C109451014,5354761.16,5547751.32,0,0
374,CASH_OUT,167341.25,C1211596480,31950.0,0.0,C1938246609,0.0,167341.25,0,0
40,CASH_OUT,5501.04,C329276785,945.0,0.0,C1120664493,6359194.4,6364695.44,0,0
99,TRANSFER,286670.9,C2005707747,286670.9,0.0,C1830145397,0.0,0.0,1,0
161,CASH_OUT,2359.8,C1284456048,164378.0,162018.2,C895299910,0.0,2359.8,0,0
250,CASH_OUT,342461.68,C479053956,88589.0,0.0,C888931874,129742.05,472203.73,0,0
332,TRANSFER,1086770.85,C752043190,21959.28,0.0,C1538707619,4816994.21,5903765.06,0,0
8,CASH_OUT,232668.28,C326008364,106993.0,0.0,C872618723,32450.0,0.0,0,0
356,CASH_OUT,322780.36,C343444234,369351.48,46571.12,C137668192,407533.3,730313.66,0,0
275,CASH_OUT,305253.67,C1935348685,6720.0,0.0,C1132920136,4286285.38,4591539.05,0,0
211,CASH_OUT,119032.71,C1898399691,0.0,0.0,C551605085,179015.05,298047.76,0,0
131,CASH_OUT,210627.48,C1353997136,0.0,0.0,C402213204,756764.13,967391.61,0,0
229,CASH_OUT,115072.48,C130833514,0.0,0.0,C467564675,664412.87,779485.35,0,0
207,CASH_OUT,149047.45,C475162426,60828.0,0.0,C290630863,2439.87,151487.32,0,0
287,TRANSFER,223730.4,C734008057,223730.4,0.0,C1763626980,0.0,0.0,1,0
431,TRANSFER,546083.48,C51078852,0.0,0.0,C2110666580,2284150.75,2830234.23,0,0
285,CASH_OUT,120849.53,C905536042,0.0,0.0,C1715575934,623038.57,743888.1,0,0
380,CASH_OUT,56902.29,C585332713,0.0,0.0,C1476551724,226077.12,282979.41,0,0
211,TRANSFER,5689516.13,C532793923,5689516.13,0.0,C5325998,0.0,0.0,1,0
235,CASH_OUT,201738.22,C1689910852,0.0,0.0,C90061197,319541.51,440503.01,0,0
329,CASH_OUT,249336.0,C494982444,22858.0,0.0,C1069890740,0.0,249336.0,0,0
306,CASH_OUT,156755.39,C1702051170,0.0,0.0,C1078977910,711980.5,868735.89,0,0
185,CASH_OUT,348669.37,C1220438973,0.0,0.0,C483648335,476725.06,825394.43,0,0
281,CASH_OUT,163613.79,C1882438546,182793.43,19179.64,C323893307,7836992.51,8000606.3,0,0
154,CASH_OUT,490064.78,C707658233,0.0,0.0,C197014778,877871.38,1367936.16,0,0
177,CASH_OUT,135211.91,C889974652,31483.0,0.0,C1578427870,75780.69,210992.6,0,0
38,CASH_OUT,54808.12,C153581632,0.0,0.0,C1617017604,71754.21,126562.33,0,0
299,CASH_OUT,130571.12,C1697718155,14067.0,0.0,C1514171657,32064.41,162635.53,0,0
399,TRANSFER,964503.64,C273035134,0.0,0.0,C432322181,15892893.74,16857397.38,0,0
140,CASH_OUT,522512.79,C613965202,0.0,0.0,C89371061,1038072.53,1560585.31,0,0
134,CASH_OUT,66462.36,C1053297775,0.0,0.0,C1293789504,3882320.63,3948782.99,0,0
206,CASH_OUT,137906.16,C2072575638,51468.0,0.0,C1359716559,2033229.43,2171135.59,0,0
355,CASH_OUT,10232.05,C1443624902,118673.0,108440.95,C1650003583,0.0,10232.05,0,0
401,CASH_OUT,5940.31,C693831916,506832.0,500891.69,C922121829,0.0,5940.31,0,0
214,TRANSFER,116419.58,C1730910853,116419.58,0.0,C2126645098,0.0,0.0,1,0
354,CASH_OUT,142995.56,C1131613131,10480.0,0.0,C222546153,0.0,142995.56,0,0
277,CASH_OUT,302716.53,C551234989,0.0,0.0,C1446880552,745937.86,1048654.38,0,0
373,CASH_OUT,61542.48,C1293752368,0.0,0.0,C1186256103,11526597.55,11588140.02,0,0
454,CASH_OUT,404185.57,C1310120773,404185.57,0.0,C434003582,113577.26,517762.83,1,0
187,CASH_OUT,88635.69,C1181732715,0.0,0.0,C1549830536,1866207.97,1954843.66,0,0
211,CASH_OUT,143742.57,C475581135,0.0,0.0,C2078793177,160640.52,304383.09,0,0
95,CASH_OUT,8775594.43,C131527035,8775594.43,0.0,C897416477,0.0,8775594.43,1,0
178,CASH_OUT,356925.83,C1371969807,0.0,0.0,C931773845,7495177.17,7852103.0,0,0
331,CASH_OUT,66279.11,C1641043671,6043.0,0.0,C194771086,0.0,66279.11,0,0
466,CASH_OUT,104171.37,C1321085787,104171.37,0.0,C203735779,64407.18,168578.56,1,0
20,CASH_OUT,10727.51,C1329393957,0.0,0.0,C1234987123,313322.49,431493.07,0,0
252,CASH_OUT,66081.04,C2116513869,19842.0,0.0,C1842565044,507332.51,573413.55,0,0
266,CASH_OUT,153820.72,C2081847724,0.0,0.0,C1889317598,514439.12,668259.84,0,0
141,TRANSFER,59975.24,C1434435922,266297.61,206322.37,C191955442,167205.53,227180.77,0,0
164,CASH_OUT,191580.45,C1507808178,0.0,0.0,C1758750607,1380170.24,1571750.69,0,0
33,CASH_OUT,198610.87,C1148755735,32317.0,0.0,C1607284477,49038.8,247649.67,0,0
660,TRANSFER,14360.12,C402057107,14360.12,0.0,C1957774921,0.0,0.0,1,0
307,CASH_OUT,154138.66,C404987723,4301.0,0.0,C1234502627,129932.19,284070.84,0,0
531,TRANSFER,6392800.85,C1354536718,6392800.85,0.0,C927202154,0.0,0.0,1,0
352,CASH_OUT,187958.16,C32760776,0.0,0.0,C969742969,621224.46,809182.62,0,0
357,CASH_OUT,148556.94,C1165817383,5605.98,0.0,C2025091818,347039.18,495596.12,0,0
352,CASH_OUT,358888.53,C1511687301,55724.0,0.0,C1095261824,425631.86,784520.39,0,0
181,TRANSFER,666752.67,C1921365209,0.0,0.0,C1691427540,1174142.02,1840894.7,0,0
560,CASH_OUT,143275.81,C1571623448,143275.81,0.0,C1655359478,6346481.09,6489756.9,1,0
355,TRANSFER,74987.4,C2262099,0.0,0.0,C2038235998,1931137.55,2006124.95,0,0
378,CASH_OUT,198068.21,C1914964276,81069.4,0.0,C1648873412,907049.74,1105117.95,0,0
235,CASH_OUT,126774.52,C443613191,18296.0,0.0,C1567947232,353542.41,480316.92,0,0
328,CASH_OUT,406539.61,C1357351058,0.0,0.0,C589275335,1029413.97,1435953.57,0,0
141,CASH_OUT,188954.68,C88316476,0.0,0.0,C1116677227,2903490.42,3092445.11,0,0
35,CASH_OUT,27563.73,C1792909545,0.0,0.0,C266634593,777493.91,2307531.37,0,0
300,CASH_OUT,261545.73,C1086333689,0.0,0.0,C23588551,311334.85,572880.58,0,0
163,CASH_OUT,118337.26,C1267862945,0.0,0.0,C940564269,391427.56,709353.41,0,0
144,CASH_OUT,410665.0,C1570738303,0.0,0.0,C1526097083,2709415.95,3120080.96,0,0
306,CASH_OUT,126281.41,C1220821579,0.0,0.0,C710481910,15812948.35,15939229.76,0,0
36,CASH_OUT,212233.2,C735579446,30490.0,0.0,C1581613896,1527676.14,1739909.34,0,0
365,CASH_OUT,916644.03,C673817136,916644.03,0.0,C2054229425,2026.9,918670.94,1,0
182,CASH_OUT,25491.72,C353288468,0.0,0.0,C227445445,375342.59,400834.3,0,0
225,CASH_OUT,241191.02,C723360930,20585.0,0.0,C1104067091,0.0,241191.02,0,0
298,CASH_OUT,74127.7,C1503095116,39736.0,0.0,C1159621115,238371.6,312499.3,0,0
137,CASH_OUT,127254.64,C2057684411,0.0,0.0,C693380852,4315172.19,4442426.83,0,0
348,CASH_OUT,148813.18,C2116673681,53351.0,0.0,C972585449,1161303.78,1310116.96,0,0
16,CASH_OUT,235363.34,C1280761553,128102.0,0.0,C891884680,405811.69,880103.9,0,0
456,CASH_OUT,13914.81,C44196449,13914.81,0.0,C477039753,1495380.79,1509295.6,1,0
226,TRANSFER,1230460.28,C2068539341,2.0,0.0,C2133655305,0.0,1230460.28,0,0
352,CASH_OUT,186450.12,C911541326,23641.0,0.0,C778313418,11325567.11,11512017.23,0,0
36,CASH_OUT,244124.63,C266011629,161616.0,0.0,C1413055366,7191764.49,7435889.12,0,0
181,CASH_OUT,302051.08,C1863909898,0.0,0.0,C1174940699,872935.37,1174986.46,0,0
282,CASH_OUT,91251.51,C1050040948,50036.0,0.0,C382119615,199768.09,291019.6,0,0
564,CASH_OUT,407256.04,C2009100820,12472.0,0.0,C1173119232,0.0,407256.04,0,0
348,TRANSFER,3306664.4,C58821172,31053.0,0.0,C397644706,706440.44,4013104.85,0,0
394,CASH_OUT,178628.94,C591205484,0.0,0.0,C1370116613,1900881.61,2079510.55,0,0
398,CASH_OUT,140928.26,C1783496225,41200.0,0.0,C1520148897,79486.79,220415.05,0,0
133,CASH_OUT,136379.1,C1158858713,634.0,0.0,C1994597735,0.0,136379.1,0,0
371,CASH_OUT,81064.45,C849650341,512158.49,431094.04,C82874662,1982160.26,2063224.72,0,0
331,CASH_OUT,76766.6,C1485330803,0.0,0.0,C161088880,3207162.11,3283928.71,0,0
155,TRANSFER,703846.03,C1843058168,0.0,0.0,C846848879,4536223.71,5240069.74,0,0
203,TRANSFER,154502.73,C2117223994,0.0,0.0,C213138286,6015244.97,6169747.7,0,0
235,TRANSFER,200933.26,C375545734,151138.08,0.0,C3672525,335451.62,536384.89,0,0
137,CASH_OUT,258659.6,C294798775,21158.0,0.0,C961040287,2764148.44,3022808.04,0,0
44,TRANSFER,479882.41,C910448480,0.0,0.0,C662822148,3998356.02,4478238.43,0,0
205,CASH_OUT,92378.1,C1894903248,0.0,0.0,C725233002,7104765.23,7197143.33,0,0
162,CASH_OUT,57576.49,C2017368054,2195.0,0.0,C2083574589,1683488.69,1741065.18,0,0
184,CASH_OUT,60935.58,C409884212,583251.12,522315.55,C1208488367,1153348.23,1214283.81,0,0
403,TRANSFER,432772.91,C1151361415,4233.0,0.0,C576334669,115281.32,548054.23,0,0
38,CASH_OUT,168735.41,C1205294312,331.0,0.0,C103508408,346862.67,515598.07,0,0
371,TRANSFER,2300376.32,C1307093326,10481.0,0.0,C624810297,334616.39,2634992.71,0,0
298,CASH_OUT,181033.89,C1353660242,0.0,0.0,C650084725,1151623.65,1332657.54,0,0
400,CASH_OUT,143417.63,C1002326194,81383.0,0.0,C1711421803,0.0,143417.63,0,0
164,CASH_OUT,1132311.86,C1916439605,1132311.86,0.0,C2060716124,5854447.18,6931746.88,1,0
447,TRANSFER,3339489.46,C1632929877,3339489.46,0.0,C2080860593,0.0,0.0,1,0
305,CASH_OUT,170474.19,C274808249,100348.0,0.0,C753319038,2215967.23,2386441.42,0,0
19,CASH_OUT,237935.42,C439530685,0.0,0.0,C472751704,1247545.35,1485480.77,0,0
495,TRANSFER,255286.59,C1033789899,255286.59,0.0,C361594462,0.0,0.0,1,0
184,CASH_OUT,3937.14,C1107616156,151956.0,148018.86,C1998762457,0.0,3937.14,0,0
184,CASH_OUT,424971.93,C861304784,226695.0,0.0,C719275374,0.0,424971.93,0,0
404,CASH_OUT,191120.85,C1163893074,0.0,0.0,C489210379,1352815.23,1543936.08,0,0
398,CASH_OUT,34949.14,C1685914249,0.0,0.0,C875810290,567385.23,602334.37,0,0
372,CASH_OUT,210126.63,C74838531,0.0,0.0,C1396251115,2724574.42,2934701.06,0,0
40,CASH_OUT,384096.29,C2020562638,534975.0,150878.71,C1308948803,674842.81,1058939.1,0,0
522,CASH_OUT,348823.38,C2024822274,11706.0,0.0,C1549582649,266817.09,615640.46,0,0
17,CASH_OUT,62768.03,C1741974215,0.0,0.0,C1576328591,7291012.08,7353780.1,0,0
402,CASH_OUT,314672.14,C1901219776,20973.0,0.0,C1975649417,358490.69,673162.83,0,0
232,TRANSFER,1282227.53,C2076167424,0.0,0.0,C889389674,1982861.11,3265088.65,0,0
326,CASH_OUT,56301.82,C1496830303,129201.78,72899.96,C1245709758,102007.75,158309.57,0,0
403,CASH_OUT,169983.0,C2014275736,386.0,0.0,C154197717,0.0,169983.0,0,0
19,CASH_OUT,173978.1,C902884391,23141.0,0.0,C412116109,0.0,173978.1,0,0
45,CASH_OUT,80795.54,C461107880,0.0,0.0,C1354590149,1378308.9,1459104.44,0,0
372,CASH_OUT,194315.09,C1294598541,0.0,0.0,C1345225526,9283832.39,9478147.48,0,0
7,TRANSFER,21571.0,C786114805,21571.0,0.0,C1666314150,0.0,0.0,1,0
209,CASH_OUT,84204.16,C628442331,2072.0,0.0,C821018491,0.0,84204.16,0,0
299,CASH_OUT,1579.06,C2055401493,21487.0,19907.94,C1648301654,0.0,1579.06,0,0
189,CASH_OUT,161928.97,C2092912845,0.0,0.0,C562752474,2088111.75,2250040.71,0,0
305,CASH_OUT,53804.4,C720240305,10082.0,0.0,C556599286,0.0,53804.4,0,0
369,CASH_OUT,7245.07,C1197705549,145.0,0.0,C1293498349,374789.79,382034.86,0,0
41,CASH_OUT,581889.94,C541992132,581889.94,0.0,C715094437,359585.03,941474.97,1,0
10,CASH_OUT,213912.15,C1131141959,2627014.42,2413102.27,C2096057945,6245896.63,6459808.78,0,0
19,TRANSFER,2479043.8,C1467896945,0.0,0.0,C1868086617,7645425.89,10162334.26,0,0
12,TRANSFER,742971.39,C1559548790,0.0,0.0,C972608594,907943.16,2742700.48,0,0
323,CASH_OUT,76580.24,C962104976,0.0,0.0,C1252388617,465361.76,541942.0,0,0
371,CASH_OUT,75950.12,C338407305,144065.0,68114.88,C1452836945,371380.88,447331.0,0,0
262,CASH_OUT,71810.14,C1864301298,17815.0,0.0,C1857506815,24073.24,95883.38,0,0
349,TRANSFER,465064.41,C668364807,0.0,0.0,C1043891907,966211.37,1431275.78,0,0
296,TRANSFER,312151.06,C2064377910,312151.06,0.0,C480066834,0.0,0.0,1,0
250,TRANSFER,3381511.96,C1450933190,1811.0,0.0,C1998977716,38046.6,3419558.56,0,0
36,CASH_OUT,497954.13,C23816885,0.0,0.0,C1548641239,527981.26,1025935.4,0,0
251,CASH_OUT,279882.31,C87351035,21265.0,0.0,C1964874304,1684074.96,1963957.27,0,0
206,CASH_OUT,78030.11,C1514465471,109957.0,31926.89,C1096385184,185549.81,263579.92,0,0
187,CASH_OUT,180412.14,C694514560,20608.0,0.0,C1329226511,0.0,180412.14,0,0
401,CASH_OUT,244826.72,C1226822620,0.0,0.0,C56574018,329303.77,574130.5,0,0
329,TRANSFER,2118944.57,C688995473,4083.0,0.0,C684555437,0.0,2118944.57,0,0
157,CASH_OUT,218926.97,C965646683,28145.0,0.0,C79285678,879160.8,1098087.77,0,0
377,CASH_OUT,132226.62,C906107561,40298.0,0.0,C1644600606,0.0,132226.62,0,0
231,CASH_OUT,54764.23,C2121011925,0.0,0.0,C1951553482,273494.35,328258.58,0,0
381,TRANSFER,144938.13,C829499721,0.0,0.0,C650997372,197322.66,342260.79,0,0
304,CASH_OUT,86375.39,C1325941789,0.0,0.0,C82609713,2027173.86,2113549.25,0,0
178,CASH_OUT,354445.67,C1205920934,0.0,0.0,C1348955050,1649054.42,2003500.09,0,0
212,TRANSFER,362988.52,C1442171840,362988.52,0.0,C1053252672,0.0,0.0,1,0
43,CASH_OUT,170080.75,C484546962,0.0,0.0,C2117340559,2042053.32,2212134.08,0,0
353,CASH_OUT,99272.5,C1512872765,20935.0,0.0,C245956715,0.0,99272.5,0,0
378,CASH_OUT,191105.7,C371693370,201.0,0.0,C1176582847,623429.48,814535.18,0,0
228,CASH_OUT,273479.05,C68989718,0.0,0.0,C1630434733,800367.49,1073846.53,0,0
300,CASH_OUT,373854.52,C1295215660,120125.0,0.0,C1007235714,0.0,373854.52,0,0
330,CASH_OUT,177321.23,C1570741485,22312.0,0.0,C247863767,359845.04,537166.27,0,0
17,TRANSFER,112908.62,C1156356552,0.0,0.0,C619111314,2480381.99,2556679.3,0,0
277,CASH_OUT,5690.89,C164927307,0.0,0.0,C1924105865,3690609.9,3696300.79,0,0
210,CASH_OUT,28384.62,C208988592,0.0,0.0,C710589060,899929.03,928313.65,0,0
351,CASH_OUT,227790.5,C933920600,125045.99,0.0,C1203699143,3859312.98,4087103.48,0,0
236,CASH_OUT,123794.26,C883050723,121.0,0.0,C1019454547,21447.73,145241.99,0,0
301,CASH_OUT,227892.5,C1120041135,11586.0,0.0,C1933873421,0.0,227892.5,0,0
384,CASH_OUT,53361.2,C1672386943,0.0,0.0,C1875767528,140523.81,193885.01,0,0
307,CASH_OUT,121950.81,C496324155,0.0,0.0,C876153644,667633.78,789584.6,0,0
719,CASH_OUT,534518.98,C1561200626,534518.98,0.0,C999955448,91719.52,626238.5,1,0
204,CASH_OUT,486632.71,C87095784,23373.0,0.0,C107797568,453701.98,940334.7,0,0
155,CASH_OUT,67228.36,C261657895,755507.0,688278.64,C2141385188,0.0,67228.36,0,0
300,TRANSFER,174096.24,C1715175767,49392.0,0.0,C2067476882,412775.22,586871.46,0,0
402,CASH_OUT,81280.04,C499273984,8015.0,0.0,C468426962,508645.22,589925.26,0,0
694,CASH_OUT,292815.44,C1412325787,292815.44,0.0,C1720512155,0.0,292815.44,1,0
255,CASH_OUT,330134.97,C1051892896,100608.0,0.0,C37235663,0.0,330134.97,0,0
394,CASH_OUT,558499.36,C1967243215,0.0,0.0,C624820856,3667793.54,4226292.91,0,0
179,CASH_OUT,62135.61,C1255763488,199409.0,137273.39,C434534016,0.0,62135.61,0,0
410,TRANSFER,1232013.7,C599746221,1232013.7,0.0,C1135653502,0.0,0.0,1,0
11,CASH_OUT,215230.97,C923852545,0.0,0.0,C737444296,1885836.1,2055566.26,0,0
297,CASH_OUT,368130.12,C2097797663,213.0,0.0,C1170474878,187776.54,555906.66,0,0
212,CASH_OUT,18663.13,C438615749,0.0,0.0,C559035831,4692039.57,4710702.7,0,0
254,CASH_OUT,371000.4,C1919881106,11389.0,0.0,C728355446,106122.66,477123.05,0,0
44,CASH_OUT,44962.09,C269974524,35669.0,0.0,C417734656,4626006.56,4670968.65,0,0
179,CASH_OUT,304707.64,C1044866650,581.0,0.0,C396553938,127365.19,432072.83,0,0
130,TRANSFER,981194.66,C92238215,0.0,0.0,C1894575391,14553881.68,15535076.34,0,0
310,TRANSFER,121521.8,C788110621,14992.0,0.0,C801157832,405326.74,526848.54,0,0
153,CASH_OUT,45351.91,C1945584613,0.0,0.0,C1722285327,236967.98,282319.88,0,0
276,CASH_OUT,49643.92,C322740425,0.0,0.0,C1443731743,333941.69,383585.6,0,0
13,TRANSFER,207988.5,C1337836387,0.0,0.0,C514839211,300461.07,1486595.25,0,0
347,TRANSFER,5538312.73,C465519608,0.0,0.0,C820072980,7948425.21,13486737.94,0,0
209,CASH_OUT,439786.96,C1197176737,0.0,0.0,C1569348496,5025554.59,5465341.56,0,0
546,TRANSFER,588603.55,C1321560473,0.0,0.0,C393384069,1107386.5,1695990.05,0,0
301,CASH_OUT,189107.04,C14526594,9321.0,0.0,C67362166,7255533.13,7444640.17,0,0
14,CASH_OUT,80778.65,C1962069236,10542.0,0.0,C962005910,55454.99,136233.64,0,0
403,TRANSFER,394403.41,C527985845,40170.0,0.0,C39391179,736616.32,1131019.73,0,0
163,CASH_OUT,899934.7,C1016462982,0.0,0.0,C1105913844,4982524.01,5882458.71,0,0
154,CASH_OUT,236091.33,C1275906973,0.0,0.0,C1713910711,395100.46,631191.79,0,0
399,CASH_OUT,123035.74,C1527362792,0.0,0.0,C591902100,2064582.07,2187617.81,0,0
204,CASH_OUT,101389.68,C1884145615,21870.0,0.0,C793349137,2179223.82,2280613.51,0,0
164,CASH_OUT,102899.36,C1166740712,163880.0,60980.64,C1902887461,199602.88,302502.24,0,0
162,CASH_OUT,276114.01,C719229307,0.0,0.0,C927977902,1419656.8,1695770.81,0,0
252,CASH_OUT,382545.35,C1214357849,100958.0,0.0,C508455503,1099.46,383644.8,0,0
307,CASH_OUT,50625.1,C278492393,74671.0,24045.9,C1459119309,4663609.3,4714234.4,0,0
179,CASH_OUT,266293.98,C979699906,0.0,0.0,C495632253,970214.31,1236508.29,0,0
154,CASH_OUT,182864.12,C1402226357,0.0,0.0,C1002497793,636323.47,819187.59,0,0
380,CASH_OUT,14147.29,C1026202398,0.0,0.0,C133113570,220639.31,234786.6,0,0
403,CASH_OUT,13747.69,C1722941435,218928.72,205181.03,C302565944,647822.81,661570.5,0,0
404,CASH_OUT,445343.07,C1701569496,0.0,0.0,C1633706102,2773871.92,3219214.99,0,0
326,CASH_OUT,420148.77,C74984306,69435.0,0.0,C914923038,203102.5,623251.27,0,0
210,CASH_OUT,314932.2,C1348791077,1075.0,0.0,C223804656,7135.06,322067.27,0,0
183,CASH_OUT,422389.6,C856994143,162404.51,0.0,C37199771,916217.59,1338607.19,0,0
130,CASH_OUT,207745.01,C1749765289,0.0,0.0,C147233677,2842735.79,3050480.8,0,0
408,TRANSFER,1287449.65,C938940384,0.0,0.0,C1926656862,2447614.71,3735064.36,0,0
380,CASH_OUT,30545.38,C1285162237,71810.68,41265.29,C1905084048,702809.38,733354.76,0,0
185,CASH_OUT,278663.56,C1338750363,21541.0,0.0,C797382180,0.0,278663.56,0,0
372,CASH_OUT,147142.44,C1322380512,713.0,0.0,C1975083683,54522.39,201664.83,0,0
189,TRANSFER,439670.51,C1105721687,11045.0,0.0,C1168450226,1081059.39,1520729.89,0,0
641,CASH_OUT,2666139.51,C1114344238,2666139.51,0.0,C1868182822,1193425.04,3859564.55,1,0
335,CASH_OUT,128988.27,C1816105813,0.0,0.0,C342360371,489934.23,618922.5,0,0
686,TRANSFER,1467968.73,C1506243031,1467968.73,0.0,C1384352082,0.0,0.0,1,0
382,CASH_OUT,249445.31,C94755642,0.0,0.0,C397204041,1124227.72,1373673.03,0,0
161,CASH_OUT,158831.26,C2104796582,0.0,0.0,C1160563561,200412.4,656834.39,0,0
216,TRANSFER,547618.49,C324798807,0.0,0.0,C1907228493,4712751.39,5260369.88,0,0
12,CASH_OUT,359461.74,C145539336,25025.0,0.0,C246785519,3013275.06,2990555.5,0,0
8,CASH_OUT,68334.76,C2002148292,0.0,0.0,C1195378184,772692.89,1613158.27,0,0
229,CASH_OUT,96757.23,C467295482,0.0,0.0,C1924261995,289819.82,386577.06,0,0
398,CASH_OUT,91726.58,C1141508081,41902.0,0.0,C224657127,0.0,91726.58,0,0
258,TRANSFER,478777.86,C839536871,339583.9,0.0,C220206256,3671193.75,4149971.62,0,0
18,CASH_OUT,29870.08,C615885081,17491.0,0.0,C796555567,0.0,5769.86,0,0
11,CASH_OUT,256253.86,C160802990,6392.0,0.0,C1712201351,217803.01,748489.49,0,0
381,CASH_OUT,26439.39,C1295365804,0.0,0.0,C319816974,173647.71,200087.1,0,0
372,CASH_OUT,106688.42,C708045076,0.0,0.0,C2110845844,2094208.81,2200897.23,0,0
130,CASH_OUT,91068.58,C1023245254,0.0,0.0,C1442264646,306303.61,397372.18,0,0
41,CASH_OUT,192538.54,C924375040,39104.0,0.0,C1662898073,0.0,192538.54,0,0
306,CASH_OUT,83021.96,C212082343,32476.0,0.0,C2028158000,29278.06,112300.02,0,0
350,CASH_OUT,8188.86,C2125277294,0.0,0.0,C197158975,5762705.05,5770893.91,0,0
402,CASH_OUT,223939.17,C184668639,0.0,0.0,C23530332,1685019.79,1908958.97,0,0
187,CASH_OUT,405192.46,C898813116,0.0,0.0,C510012887,441333.93,846526.39,0,0
275,TRANSFER,1692861.1,C2006293095,296.0,0.0,C84481507,1588.48,1694449.58,0,0
322,CASH_OUT,60203.15,C14661158,0.0,0.0,C387625454,1395058.78,1455261.93,0,0
378,CASH_OUT,198083.02,C703350030,70104.0,0.0,C1539161485,63313.59,261396.61,0,0
306,CASH_OUT,243342.87,C840683583,425.0,0.0,C1617333867,0.0,243342.87,0,0
402,CASH_OUT,83069.0,C944944386,0.0,0.0,C960775043,182616.67,265685.68,0,0
260,CASH_OUT,151433.0,C1582446703,0.0,0.0,C703878081,408502.45,559935.45,0,0
533,TRANSFER,495977.84,C1851117784,495977.84,0.0,C705045817,0.0,0.0,1,0
209,CASH_OUT,342110.27,C1974162794,0.0,0.0,C402337523,4722151.43,5064261.7,0,0
352,CASH_OUT,99833.81,C236146847,36649.0,0.0,C694925848,0.0,99833.81,0,0
359,TRANSFER,47105.77,C290732933,19888.0,0.0,C1193937794,0.0,47105.77,0,0
298,CASH_OUT,101546.83,C1274183161,751.0,0.0,C2052179946,0.0,101546.83,0,0
592,CASH_OUT,75705.6,C1011533412,0.0,0.0,C2134606261,96780.56,172486.16,0,0
299,CASH_OUT,299553.78,C2107043080,391.0,0.0,C774901446,84700.78,384254.56,0,0
376,TRANSFER,7350531.12,C193427754,125.0,0.0,C925428527,0.0,7350531.12,0,0
325,CASH_OUT,301610.06,C98820872,0.0,0.0,C29817938,847436.25,1149046.31,0,0
205,TRANSFER,615380.74,C1340101544,0.0,0.0,C1013296540,2958427.28,3573808.01,0,0
13,CASH_OUT,120602.46,C1374003756,0.0,0.0,C1915091057,533113.84,1067562.38,0,0
44,CASH_OUT,131729.03,C221929533,0.0,0.0,C2104366033,877380.78,1009109.82,0,0
279,CASH_OUT,268116.55,C1842125118,0.0,0.0,C509560587,1056876.69,1324993.24,0,0
10,CASH_OUT,182537.23,C1659648945,7047.0,0.0,C778306577,2006717.1,2189254.33,0,0
373,CASH_OUT,129718.59,C484508851,411772.87,282054.28,C1648826369,190687.52,320406.12,0,0
22,TRANSFER,77773.14,C834571675,77773.14,0.0,C312865842,0.0,0.0,1,0
283,CASH_OUT,249466.93,C1974269275,334.0,0.0,C2137486004,63019.83,312486.76,0,0
234,CASH_OUT,40384.8,C784985795,109.0,0.0,C2112075245,0.0,40384.8,0,0
378,TRANSFER,341542.74,C1684929998,31211.0,0.0,C856456306,129768.46,471311.19,0,0
232,TRANSFER,211939.47,C367597405,0.0,0.0,C81611270,2457632.15,2669571.62,0,0
158,CASH_OUT,401281.82,C362904104,15045.0,0.0,C1367935916,0.0,401281.82,0,0
373,CASH_OUT,96451.66,C1690996942,0.0,0.0,C1755792031,798702.29,895153.95,0,0
20,CASH_OUT,126163.3,C164359787,28918.0,0.0,C648536732,735315.43,861478.73,0,0
522,TRANSFER,1147659.54,C284130343,337.0,0.0,C1115093912,0.0,1147659.54,0,0
130,CASH_OUT,264404.97,C1872385012,61374.0,0.0,C1134780659,301283.72,565688.69,0,0
304,CASH_OUT,111906.89,C389738669,0.0,0.0,C68121637,550814.89,662721.78,0,0
510,TRANSFER,550231.35,C1633390625,550231.35,0.0,C1517406910,0.0,0.0,1,0
154,CASH_OUT,31831.22,C1565777469,0.0,0.0,C1096468573,312395.03,344226.25,0,0
549,TRANSFER,29473.67,C12589552,29473.67,0.0,C589307049,0.0,0.0,1,0
209,CASH_OUT,297355.39,C1226699599,50266.0,0.0,C1945725376,95323.68,392679.07,0,0
140,TRANSFER,83150.63,C160816580,278477.7,195327.07,C179651498,100082.45,183233.08,0,0
333,CASH_OUT,377979.07,C1520715063,0.0,0.0,C1986092865,481434.21,859413.29,0,0
324,CASH_OUT,327384.99,C409567072,10981.0,0.0,C1816042762,0.0,327384.99,0,0
178,CASH_OUT,1796069.2,C997942901,1796069.2,0.0,C1057783924,0.0,1796069.2,1,0
304,TRANSFER,10000000.0,C525749705,21067.0,0.0,C1530396409,967061.83,33019778.64,0,0
283,CASH_OUT,213511.6,C305828553,0.0,0.0,C62659480,1134609.21,1348120.81,0,0
177,CASH_OUT,136032.68,C1892585024,0.0,0.0,C1733919167,933437.77,1069470.45,0,0
13,CASH_OUT,679801.81,C100405132,0.0,0.0,C604555852,6322125.0,7001926.81,0,0
163,CASH_OUT,20773.47,C658005793,0.0,0.0,C773473140,5017967.1,5038740.57,0,0
20,CASH_OUT,135225.2,C1861896000,0.0,0.0,C1950342597,801417.56,936642.76,0,0
164,CASH_OUT,110109.94,C75607329,186.0,0.0,C1553123578,0.0,110109.94,0,0
189,CASH_OUT,64341.57,C1034251400,99256.0,34914.43,C6154475,46437.93,110779.5,0,0
10,CASH_OUT,148420.62,C190691355,10714.0,0.0,C1051790969,0.0,148420.62,0,0
369,CASH_OUT,3426.89,C1807273350,31544.0,28117.11,C598490165,431376.55,434803.44,0,0
44,CASH_OUT,252026.01,C303565888,0.0,0.0,C788831262,601348.24,853374.24,0,0
261,TRANSFER,81485.46,C1919962796,0.0,0.0,C463688580,3396380.4,3477865.86,0,0
183,TRANSFER,728887.57,C1686259782,5034.0,0.0,C2037627692,331793.59,1060681.16,0,0
307,CASH_OUT,56548.18,C269770976,198.0,0.0,C1874536109,4157540.9,4214089.08,0,0
256,TRANSFER,40231.56,C727542577,40231.56,0.0,C2002670560,0.0,0.0,1,0
207,CASH_OUT,406111.25,C120321049,29867.0,0.0,C650582672,568276.62,974387.87,0,0
168,CASH_OUT,60783.19,C346779827,0.0,0.0,C1063782390,747531.29,808314.48,0,0
41,CASH_OUT,432887.58,C1793950091,0.0,0.0,C1326813057,1548153.66,1981041.24,0,0
39,CASH_OUT,158191.2,C1609715442,0.0,0.0,C1311515272,9351729.68,9509920.88,0,0
299,CASH_OUT,69503.53,C793407843,31788.0,0.0,C149191020,0.0,69503.53,0,0
350,CASH_OUT,159717.14,C974580719,0.0,0.0,C1599937304,490350.35,650067.49,0,0
377,CASH_OUT,77710.18,C1944998461,0.0,0.0,C538197994,2399003.6,2476713.79,0,0
279,CASH_OUT,49064.02,C582414383,261638.0,212573.98,C1081840700,83051.41,132115.42,0,0
425,CASH_OUT,10000000.0,C749563037,10000000.0,0.0,C606914329,0.0,10000000.0,1,0
206,CASH_OUT,186593.52,C1373786556,0.0,0.0,C224366580,6177464.01,6364057.54,0,0
260,CASH_OUT,297196.25,C1443360204,0.0,0.0,C1918475530,604556.01,901752.25,0,0
207,CASH_OUT,31212.81,C1708755709,321.0,0.0,C937612081,0.0,31212.81,0,0
254,CASH_OUT,83805.41,C233185868,0.0,0.0,C1000847942,387257.98,471063.39,0,0
41,CASH_OUT,37021.7,C1465803406,0.0,0.0,C265655126,223429.39,260451.08,0,0
135,CASH_OUT,58822.28,C1089624676,0.0,0.0,C1823141705,122954.0,166363.34,0,0
613,CASH_OUT,1892137.66,C491775554,1892137.66,0.0,C901067372,200578.99,2092716.65,1,0
202,CASH_OUT,373531.39,C1054397600,20968.0,0.0,C1139472270,990311.67,1465854.72,0,0
546,CASH_OUT,11463.88,C648501947,0.0,0.0,C1839769519,36410.43,47874.31,0,0
252,CASH_OUT,38775.43,C172473366,0.0,0.0,C1723980520,921501.05,960276.48,0,0
324,TRANSFER,637605.61,C1334342904,5187.0,0.0,C1595774601,42069.54,679675.15,0,0
400,CASH_OUT,491645.41,C1418644223,25453.0,0.0,C912906470,0.0,491645.41,0,0
35,CASH_OUT,63420.01,C1663750402,10859.0,0.0,C1900782318,67583.51,131003.52,0,0
348,CASH_OUT,177336.63,C2085903697,0.0,0.0,C621872816,301732.76,479069.38,0,0
134,TRANSFER,1525742.02,C311903293,1525742.02,0.0,C974621415,0.0,0.0,1,0
304,TRANSFER,10000000.0,C1288518335,50269.0,0.0,C1511930710,1830761.41,19163259.03,0,0
208,CASH_OUT,195436.0,C610584479,0.0,0.0,C1987984937,1068886.41,883976.66,0,0
302,TRANSFER,229410.5,C1460381604,0.0,0.0,C297456059,288156.47,517566.97,0,0
232,CASH_OUT,110167.67,C1534474757,11207.0,0.0,C87895429,120438.57,230606.24,0,0
11,CASH_OUT,1904.12,C1044712882,172100.13,170196.02,C483874933,13763.0,0.0,0,0
692,CASH_OUT,59459.03,C225184407,27956.79,0.0,C114693608,3926337.51,3985796.54,0,0
348,CASH_OUT,128754.16,C1172880616,0.0,0.0,C1720678581,144192.39,272946.55,0,0
228,CASH_OUT,90738.13,C581902272,0.0,0.0,C1916659376,1019359.15,1110097.28,0,0
322,CASH_OUT,124391.62,C332932016,30884.0,0.0,C1711319179,0.0,124391.62,0,0
294,CASH_OUT,290090.57,C2076884011,290090.57,0.0,C105660024,2000395.18,2290485.75,1,0
208,TRANSFER,677127.74,C2063310341,0.0,0.0,C1953094514,1223604.46,1900732.2,0,0
48,CASH_OUT,92207.91,C1589259451,0.0,0.0,C398504877,1652284.43,1744492.34,0,0
185,TRANSFER,1331206.09,C825601900,1293.0,0.0,C10380468,518583.03,1849789.12,0,0
394,TRANSFER,102589.78,C2009447399,0.0,0.0,C558534225,122563.46,225153.25,0,0
210,CASH_OUT,155689.88,C2135030699,44028.0,0.0,C1958648509,0.0,155689.88,0,0
240,TRANSFER,1599271.06,C1425230954,0.0,0.0,C2030168457,1964455.01,3563726.07,0,0
277,CASH_OUT,25543.56,C621085724,20213.0,0.0,C417982305,757292.85,782836.41,0,0
283,CASH_OUT,219678.26,C1264503752,0.0,0.0,C1840377384,4339881.17,4559559.43,0,0
281,CASH_OUT,326268.35,C566239043,0.0,0.0,C246497400,704333.77,1030602.11,0,0
19,CASH_OUT,31971.2,C1159035488,312878.2,280907.0,C287547752,6967.79,38938.99,0,0
374,TRANSFER,85924.71,C198275568,12674.0,0.0,C65554832,0.0,85924.71,0,0
210,CASH_OUT,25380.97,C279635793,106715.0,81334.03,C583853762,20814.45,46195.42,0,0
523,CASH_OUT,160186.79,C2096987876,160186.79,0.0,C641152271,2428183.45,2588370.25,1,0
12,CASH_OUT,354710.17,C132109603,108658.0,0.0,C393980565,1224352.64,3647341.98,0,0
260,CASH_OUT,175907.2,C1979906579,0.0,0.0,C1962270034,368859.64,544766.83,0,0
10,CASH_OUT,742483.66,C978956683,12916.0,0.0,C900505277,258338.18,1000821.85,0,0
41,CASH_OUT,22312.8,C1360076263,36589.0,14276.2,C1388728554,0.0,22312.8,0,0
283,CASH_OUT,94727.3,C1886947490,320282.0,225554.7,C1333631949,0.0,94727.3,0,0
133,CASH_OUT,1466.22,C1350738170,0.0,0.0,C419501668,335211.92,336678.14,0,0
399,CASH_OUT,34841.01,C613435079,0.0,0.0,C989788404,4206054.22,4240895.24,0,0
522,CASH_OUT,146908.38,C911183330,146908.38,0.0,C109980101,4991504.3,5138412.68,1,0
159,CASH_OUT,229652.91,C327204264,22856.0,0.0,C576696558,107373.83,337026.74,0,0
16,CASH_OUT,412545.05,C1220801942,2527.0,0.0,C1606125221,45757.0,458302.05,0,0
275,TRANSFER,21323.28,C498498940,21323.28,0.0,C490070900,0.0,0.0,1,0
35,CASH_OUT,235648.04,C315366953,223918.99,0.0,C411895664,146147.33,381795.37,0,0
303,CASH_OUT,539541.38,C1657920340,196849.18,0.0,C24070575,1230636.99,1770178.37,0,0
409,CASH_OUT,377096.39,C563591583,377096.39,0.0,C970254798,0.0,377096.39,1,0
256,CASH_OUT,281460.35,C2047917943,0.0,0.0,C1895553947,1031895.13,1313355.48,0,0
256,TRANSFER,1017086.36,C448777178,0.0,0.0,C1634053286,7888288.46,8905374.82,0,0
258,CASH_OUT,132849.32,C1855484776,0.0,0.0,C139134407,634803.17,767652.49,0,0
184,CASH_OUT,44761.58,C1892210290,180317.0,135555.42,C1986888615,236857.15,281618.73,0,0
41,CASH_OUT,1256.6,C1404984384,14837.0,13580.4,C196905726,0.0,1256.6,0,0
100,CASH_OUT,54994.1,C1437857188,54994.1,0.0,C271249913,14941.39,69935.49,1,0
184,CASH_OUT,17057.3,C349073941,489545.0,472487.7,C1531668384,1363826.13,1380883.44,0,0
375,TRANSFER,118462.93,C353172290,118462.93,0.0,C1521894181,0.0,0.0,1,0
10,CASH_OUT,79703.8,C320117495,0.0,0.0,C1481468605,1575102.73,1654806.53,0,0
403,CASH_OUT,471018.17,C197800349,0.0,0.0,C1985136401,10199371.04,10670389.21,0,0
209,TRANSFER,464203.65,C150574160,27089.11,0.0,C176668740,1926308.83,2390512.48,0,0
401,CASH_OUT,249822.23,C2087931744,0.0,0.0,C296576610,285070.83,534893.07,0,0
727,TRANSFER,124582.58,C651444933,124582.58,0.0,C1161818914,0.0,0.0,1,0
351,CASH_OUT,178843.52,C987208265,50097.0,0.0,C1551230594,176518.19,355361.71,0,0
136,CASH_OUT,36902.61,C232481020,0.0,0.0,C452295531,354737.58,391640.19,0,0
231,TRANSFER,134793.81,C1318865580,22275.0,0.0,C1889535944,727481.18,862274.99,0,0
226,TRANSFER,233150.62,C1475860966,0.0,0.0,C1413887706,356212.69,589363.31,0,0
279,CASH_OUT,54759.43,C1779303033,4800.0,0.0,C1260807354,540339.15,595098.57,0,0
139,CASH_OUT,170189.56,C2134911676,346906.0,176716.44,C1303250233,86044.28,374031.08,0,0
358,CASH_OUT,213641.07,C1303060196,0.0,0.0,C1919767979,373622.26,587263.33,0,0
276,CASH_OUT,272959.95,C607583276,0.0,0.0,C978990034,426277.11,699237.06,0,0
183,CASH_OUT,154800.07,C667688758,59622.0,0.0,C1812251759,1987003.57,2141803.65,0,0
186,CASH_OUT,271395.23,C1409661461,0.0,0.0,C1952680510,1359974.85,1631370.07,0,0
135,CASH_OUT,48877.67,C852054389,0.0,0.0,C598929865,453362.77,502240.44,0,0
185,CASH_OUT,342240.88,C1482272850,73592.0,0.0,C1429966283,526550.72,868791.6,0,0
230,CASH_OUT,651493.68,C614259367,0.0,0.0,C1452934187,1429728.36,2081222.05,0,0
598,TRANSFER,5566368.02,C94269091,5566368.02,0.0,C2096924215,0.0,0.0,1,0
162,CASH_OUT,181413.77,C1640259564,12458.0,0.0,C985093353,0.0,181413.77,0,0
14,CASH_OUT,83659.32,C1991650743,12347.0,0.0,C285805477,113083.4,291945.72,0,0
15,CASH_OUT,222388.66,C123725341,0.0,0.0,C300288129,776212.56,998601.22,0,0
10,CASH_OUT,66746.02,C1712773671,0.0,0.0,C784720009,156528.31,450738.76,0,0
187,CASH_OUT,215594.24,C1110784072,13111.0,0.0,C208014347,914419.25,1130013.49,0,0
184,CASH_OUT,112968.88,C989251347,0.0,0.0,C1403471353,807519.2,920488.08,0,0
282,TRANSFER,482883.58,C831840590,0.0,0.0,C1769594556,8438577.11,8921460.69,0,0
370,CASH_OUT,135910.79,C750604471,0.0,0.0,C1798256909,3569743.5,3705654.29,0,0
185,CASH_OUT,38057.41,C923816408,2036.0,0.0,C475066368,42508.3,80565.72,0,0
284,CASH_OUT,164802.16,C1579344102,0.0,0.0,C851327636,2286377.05,2451179.2,0,0
16,CASH_OUT,196166.57,C265348321,222227.0,26060.43,C1560565000,1916392.52,2112559.09,0,0
349,CASH_OUT,237299.63,C793152160,21107.0,0.0,C1257246431,141137.42,378437.05,0,0
326,TRANSFER,2307194.65,C274715250,506154.0,0.0,C1630094089,78310.31,2385504.96,0,0
13,CASH_OUT,25613.77,C863809699,0.0,0.0,C1695946783,3729894.9,3584968.87,0,0
163,CASH_OUT,150341.13,C187391069,0.0,0.0,C976907379,331796.21,482137.34,0,0
44,CASH_OUT,73941.78,C359243283,5059.0,0.0,C1485180922,16328.55,90270.33,0,0
40,CASH_OUT,194188.59,C2121102568,5025.0,0.0,C1195031265,1153.77,195342.35,0,0
137,CASH_OUT,9677.33,C1725766386,0.0,0.0,C1710325293,36052.04,45729.37,0,0
12,CASH_OUT,604255.85,C276179136,0.0,0.0,C1048855692,2433257.41,3037513.26,0,0
375,CASH_OUT,86844.05,C1231687716,0.0,0.0,C2138528842,366262.02,453106.07,0,0
331,CASH_OUT,256729.99,C787095105,12367.58,0.0,C420539158,5461778.61,5718508.6,0,0
406,CASH_OUT,4160888.06,C1407865578,4160888.06,0.0,C94243065,367689.67,4528577.73,1,0
14,CASH_OUT,58815.58,C156200624,8053.0,0.0,C1671380250,0.0,58815.58,0,0
400,CASH_OUT,111054.97,C2025069109,47444.0,0.0,C879669610,0.0,111054.97,0,0
158,CASH_OUT,375994.09,C1981758113,0.0,0.0,C1846219600,748345.57,1124339.67,0,0
43,CASH_OUT,289126.32,C1504746198,0.0,0.0,C394372500,308910.04,598036.36,0,0
617,CASH_OUT,233147.67,C1771144490,304773.0,71625.33,C900389517,358245.71,591393.39,0,0
178,CASH_OUT,84038.08,C927435720,0.0,0.0,C1628178987,16007603.42,16091641.51,0,0
135,CASH_OUT,312818.61,C457997029,60477.0,0.0,C18726205,0.0,312818.61,0,0
258,CASH_OUT,124824.67,C861294721,105199.0,0.0,C1959793379,0.0,124824.67,0,0
329,CASH_OUT,72542.76,C1680507463,0.0,0.0,C1930279049,2639645.47,2712188.23,0,0
380,CASH_OUT,58696.29,C1664800579,0.0,0.0,C964109684,1017293.83,1075990.12,0,0
404,TRANSFER,1609694.44,C1433247262,0.0,0.0,C659316679,6120200.8,7729895.23,0,0
203,CASH_OUT,321487.01,C3565924,0.0,0.0,C168976794,347451.83,668938.84,0,0
253,CASH_OUT,555737.45,C439979073,2032.0,0.0,C922511709,6654904.33,7210641.78,0,0
250,CASH_OUT,37082.38,C354757459,6014.0,0.0,C178683857,16323.03,53405.41,0,0
9,CASH_OUT,18069.19,C1872662749,63526.0,45456.81,C2120038041,1519545.67,2846494.45,0,0
631,TRANSFER,952234.12,C606108347,952234.12,0.0,C357620620,0.0,0.0,1,0
15,CASH_OUT,236280.6,C402784555,11560.0,0.0,C6258029,653709.06,1313049.61,0,0
380,TRANSFER,112230.23,C2061632295,53555.0,0.0,C972586223,330778.41,443008.64,0,0
284,TRANSFER,105981.05,C746239302,507.0,0.0,C540880920,81214.44,187195.49,0,0
231,CASH_OUT,137548.57,C598677852,0.0,0.0,C1469423204,368242.46,508230.78,0,0
254,CASH_OUT,89885.82,C39391179,11349.0,0.0,C1138887428,1533670.38,1623556.2,0,0
260,CASH_OUT,399819.51,C1428454311,0.0,0.0,C1764814903,1052539.58,1452359.09,0,0
11,CASH_OUT,299326.87,C968948833,4116.0,0.0,C289394537,0.0,402415.71,0,0
314,TRANSFER,271150.29,C213083209,271150.29,0.0,C1918913776,0.0,0.0,1,0
202,CASH_OUT,323886.09,C1066550411,20525.0,0.0,C864316888,214954.01,538840.09,0,0
353,TRANSFER,296401.66,C1588475422,0.0,0.0,C2107476765,10732562.63,11028964.29,0,0
298,CASH_OUT,120159.34,C1924504779,206919.0,86759.66,C442692157,1365141.43,1485300.77,0,0
55,CASH_OUT,760625.76,C749159040,760625.76,0.0,C1749746216,128272.02,888897.78,1,0
733,TRANSFER,438859.1,C482285608,438859.1,0.0,C1495765075,0.0,0.0,1,0
332,CASH_OUT,104276.93,C1822510318,0.0,0.0,C1070303274,304284.07,408561.0,0,0
322,TRANSFER,2478621.68,C404394819,749484.9,0.0,C820161208,19027.07,2497648.75,0,0
36,CASH_OUT,183308.57,C28176931,31572.0,0.0,C813119953,2124492.72,2723370.37,0,0
178,CASH_OUT,206987.21,C1020781616,0.0,0.0,C966019246,1486404.68,1693391.89,0,0
327,TRANSFER,450278.87,C853722809,0.0,0.0,C524352682,1027676.38,1477955.25,0,0
350,CASH_OUT,136938.55,C744897623,31669.0,0.0,C604218839,0.0,136938.55,0,0
183,CASH_OUT,179862.41,C948139455,14065.0,0.0,C1603381045,0.0,179862.41,0,0
400,CASH_OUT,78961.65,C776051964,0.0,0.0,C1745021524,2939977.07,3018938.71,0,0
322,CASH_OUT,569493.5,C110271037,222488.0,0.0,C1790080060,524039.26,1093532.76,0,0
394,CASH_OUT,72501.59,C1725028756,127532.0,55030.41,C2017412471,0.0,72501.59,0,0
420,TRANSFER,1464160.5,C1237202508,1464160.5,0.0,C1801696531,0.0,0.0,1,0
288,CASH_OUT,25690.27,C482469627,0.0,0.0,C932418019,2108646.9,2134337.17,0,0
34,CASH_OUT,243474.18,C1904733989,0.0,0.0,C746825719,895362.44,876821.79,0,0
301,CASH_OUT,1741.92,C1507095582,164347.0,162605.08,C1382629100,741243.75,742985.67,0,0
307,CASH_OUT,180568.83,C1585916332,52244.0,0.0,C1399554240,3689834.45,3870403.28,0,0
496,CASH_OUT,41783.37,C1406000226,2174.77,0.0,C2092547889,507282.17,549065.53,0,0
155,CASH_OUT,106812.88,C762610089,0.0,0.0,C1095341545,748475.14,855288.02,0,0
178,CASH_OUT,274554.13,C76844175,0.0,0.0,C1677196884,1964245.64,2161853.24,0,0
206,CASH_OUT,108868.22,C2042020230,55698.0,0.0,C1910047664,351031.27,459899.49,0,0
181,CASH_OUT,185348.32,C1119897327,10530.0,0.0,C437254003,0.0,185348.32,0,0
378,CASH_OUT,225799.0,C2057493522,0.0,0.0,C1897234526,5934827.91,6160626.91,0,0
372,CASH_OUT,21335.87,C1002132585,39756.0,18420.13,C1543702339,0.0,21335.87,0,0
330,TRANSFER,3358945.89,C626332426,0.0,0.0,C2045649928,11445783.21,14804729.1,0,0
129,CASH_OUT,92593.45,C2064484214,30205.0,0.0,C2026722819,81425.96,0.0,0,0
273,TRANSFER,103078.52,C1724879922,103078.52,0.0,C728668261,0.0,0.0,1,0
208,CASH_OUT,54613.71,C774373762,258.0,0.0,C432313062,0.0,54613.71,0,0
349,CASH_OUT,121252.43,C39252553,0.0,0.0,C993450170,827966.15,949218.58,0,0
351,CASH_OUT,166729.69,C1010754643,0.0,0.0,C217738111,590738.58,757468.27,0,0
401,CASH_OUT,394433.47,C536934383,50269.0,0.0,C1850697250,164329.33,558762.8,0,0
229,CASH_OUT,576022.24,C1386337170,61993.0,0.0,C1046016863,8343.71,584365.95,0,0
66,CASH_OUT,813133.35,C952177952,813133.35,0.0,C884699340,0.0,813133.35,1,0
161,CASH_OUT,127255.11,C706592470,0.0,0.0,C1111943568,357155.58,658298.59,0,0
644,TRANSFER,1140221.6,C321226621,0.0,0.0,C1094447180,1661385.43,2801607.03,0,0
544,CASH_OUT,48204.05,C550297655,0.0,0.0,C1642928530,368733.45,416937.5,0,0
20,CASH_OUT,160690.24,C786896138,0.0,0.0,C1183417450,231474.67,585059.17,0,0
234,CASH_OUT,266419.65,C626113113,169808.0,0.0,C1149176275,1435344.79,1701764.43,0,0
274,CASH_OUT,404054.57,C938953627,88360.0,0.0,C14348996,0.0,404054.57,0,0
346,CASH_OUT,280653.77,C15261411,0.0,0.0,C234098049,730782.09,1011435.86,0,0
231,CASH_OUT,181240.76,C1270248639,18295.0,0.0,C1700836192,0.0,181240.76,0,0
659,CASH_OUT,78950.66,C99550389,27358.0,0.0,C2106124384,129903.37,208854.03,0,0
399,CASH_OUT,334981.05,C557772380,139035.0,0.0,C1228373159,1327451.63,1662432.68,0,0
15,CASH_OUT,298859.57,C859064507,58531.0,0.0,C363973819,196281.08,652021.33,0,0
402,TRANSFER,930213.45,C836083125,22194.0,0.0,C2050321051,849191.96,1779405.41,0,0
395,CASH_OUT,30418.29,C1843588877,0.0,0.0,C2119800175,359993.72,390412.01,0,0
20,CASH_OUT,39257.5,C1477170940,38441.74,0.0,C920320711,57487.19,96744.68,0,0
277,CASH_OUT,363301.51,C1346943613,805.0,0.0,C1875074981,29341.19,392642.7,0,0
140,CASH_OUT,293309.73,C1031837509,16308.0,0.0,C635658031,4493440.41,4786750.14,0,0
226,CASH_OUT,641043.31,C242675686,40926.0,0.0,C763329998,5155441.65,5796484.97,0,0
374,CASH_OUT,161549.27,C247946587,0.0,0.0,C153790351,586493.01,748042.27,0,0
249,CASH_OUT,348136.17,C187013060,0.0,0.0,C1042126838,963539.51,1311675.69,0,0
261,TRANSFER,668434.16,C720664479,0.0,0.0,C1844756890,964655.65,1633089.82,0,0
372,TRANSFER,1043686.77,C2046089627,46106.0,0.0,C2139005058,48847.69,1092534.45,0,0
164,CASH_OUT,175385.21,C1663249642,0.0,0.0,C1988874512,472144.53,647529.74,0,0
38,TRANSFER,1071259.39,C73578008,456273.0,0.0,C1402521876,705702.87,2036279.05,0,0
188,CASH_OUT,108578.25,C870339471,0.0,0.0,C1892646174,4819010.0,4927588.25,0,0
420,TRANSFER,4024507.31,C1161836537,0.0,0.0,C1235198364,6857453.65,10881960.96,0,0
259,CASH_OUT,214884.21,C259165243,0.0,0.0,C139435113,2382773.51,2597657.71,0,0
228,CASH_OUT,37165.1,C2050607296,45114.0,7948.9,C1639707416,1142088.43,1179253.53,0,0
205,CASH_OUT,180725.06,C1526891052,52050.0,0.0,C617390257,0.0,180725.06,0,0
405,CASH_OUT,136466.75,C261614341,29967.0,0.0,C1248947167,231697.74,368164.49,0,0
139,CASH_OUT,91112.84,C1670921690,13408.48,0.0,C1452394547,329622.42,420735.26,0,0
375,CASH_OUT,174266.31,C1351329783,0.0,0.0,C1549908886,312089.62,486355.93,0,0
397,TRANSFER,956594.09,C373514126,0.0,0.0,C2099044031,3885023.99,4841618.08,0,0
352,TRANSFER,485666.35,C885187733,11254.0,0.0,C1810601583,0.0,485666.35,0,0
12,CASH_OUT,329133.72,C490182389,205970.0,0.0,C1521745346,709968.0,1573364.32,0,0
480,TRANSFER,146743.13,C159173164,146743.13,0.0,C1585124596,0.0,0.0,1,0
135,TRANSFER,174989.33,C2067604693,0.0,0.0,C1066606813,1589901.96,1764891.29,0,0
331,CASH_OUT,225962.06,C795089270,81990.0,0.0,C2041395310,323765.52,549727.59,0,0
228,TRANSFER,460432.46,C571390785,0.0,0.0,C1007848896,1621244.52,2081676.98,0,0
45,TRANSFER,40968.64,C1027931073,737370.41,696401.77,C1814170181,149274.59,190243.24,0,0
393,TRANSFER,567337.92,C2098737172,38029.44,0.0,C375054381,978773.31,1546111.23,0,0
234,TRANSFER,313697.88,C302773175,0.0,0.0,C859932157,378390.22,692088.09,0,0
163,CASH_OUT,157597.67,C1690616479,106174.0,0.0,C101484535,99419.11,257016.78,0,0
377,CASH_OUT,121437.49,C156495635,10430.0,0.0,C820268911,840620.85,962058.34,0,0
206,TRANSFER,814573.03,C1057214048,21309.0,0.0,C1257724884,937747.8,1752320.83,0,0
132,CASH_OUT,53308.64,C71721955,8055.0,0.0,C973764474,0.0,53308.64,0,0
544,CASH_OUT,158162.78,C1435426294,31608.0,0.0,C1100497168,175554.6,333717.38,0,0
493,CASH_OUT,52445.58,C331501053,0.0,0.0,C1508428677,1537101.75,1589547.33,0,0
394,TRANSFER,3040962.84,C2125158144,434.0,0.0,C1805741216,4190703.43,7231666.27,0,0
133,TRANSFER,849256.62,C1611632143,0.0,0.0,C573557544,2477086.42,3326343.04,0,0
591,TRANSFER,1777758.65,C432403364,1777758.65,0.0,C1905990879,0.0,0.0,1,0
504,CASH_OUT,262678.53,C1216671275,262678.53,0.0,C1747817225,577129.04,839807.57,1,0
305,TRANSFER,10000000.0,C176419816,69727.0,0.0,C1371730317,19540.27,18825740.41,0,0
229,CASH_OUT,86097.83,C200480780,356718.09,270620.26,C1786678824,3051630.15,3137727.99,0,0
257,CASH_OUT,27868.28,C332859459,0.0,0.0,C1292706670,2986919.23,3014787.5,0,0
369,CASH_OUT,220249.78,C1109022209,0.0,0.0,C1845597334,280096.58,500346.36,0,0
250,TRANSFER,734922.1,C1208888617,0.0,0.0,C1426951163,6461395.17,7196317.27,0,0
634,CASH_OUT,114864.37,C208900966,114864.37,0.0,C2041696205,0.0,114864.37,1,0
40,TRANSFER,282981.9,C594682620,0.0,0.0,C1741004414,2374145.93,2657127.83,0,0
305,CASH_OUT,213332.06,C613997322,19892.0,0.0,C512049967,624746.95,838079.01,0,0
249,CASH_OUT,124082.61,C1701664542,0.0,0.0,C148777676,249576.53,373659.15,0,0
701,CASH_OUT,644314.67,C1472339088,644314.67,0.0,C1506042377,0.0,644314.67,1,0
187,CASH_OUT,111741.76,C1398413976,268564.02,156822.26,C963646844,4295328.93,4407070.7,0,0
308,CASH_OUT,55440.6,C606556145,0.0,0.0,C1975189064,780553.22,835993.83,0,0
330,CASH_OUT,170432.84,C465987795,0.0,0.0,C1339281738,326542.41,496975.25,0,0
522,TRANSFER,1752606.15,C1333169684,1752606.15,0.0,C722968916,0.0,0.0,1,0
300,CASH_OUT,29968.36,C739058118,0.0,0.0,C656212862,408270.74,438239.1,0,0
137,CASH_OUT,170079.92,C1241117485,0.0,0.0,C2106654460,374498.33,544578.25,0,0
14,CASH_OUT,187167.15,C218953027,0.0,0.0,C178332627,809169.52,1002692.78,0,0
44,CASH_OUT,20837.35,C1198519996,0.0,0.0,C1682735958,78397.67,99235.02,0,0
353,TRANSFER,526048.16,C2113320689,0.0,0.0,C904286982,755668.17,1281716.33,0,0
345,CASH_OUT,149600.14,C315206641,9935.0,0.0,C623841025,0.0,149600.14,0,0
194,CASH_OUT,651477.38,C919667911,651477.38,0.0,C145427921,13160.86,664638.23,1,0
402,CASH_OUT,111440.45,C1829514990,0.0,0.0,C876905226,5411549.05,5522989.5,0,0
225,CASH_OUT,389250.55,C2085253605,12758.09,0.0,C1623797121,434049.23,823299.78,0,0
153,CASH_OUT,642374.38,C2138531178,0.0,0.0,C892306939,1288673.36,1931047.74,0,0
395,CASH_OUT,264527.45,C801978,233412.0,0.0,C798237994,91187.34,355714.79,0,0
19,CASH_OUT,118805.94,C547694344,0.0,0.0,C1562982275,773802.33,953059.29,0,0
259,CASH_OUT,106287.21,C1917859154,0.0,0.0,C1528342452,7264093.96,7370381.16,0,0
304,CASH_OUT,199244.55,C814020762,0.0,0.0,C537123289,274881.65,706041.05,0,0
234,CASH_OUT,283071.88,C1263727639,0.0,0.0,C1662910143,2130606.36,2413678.25,0,0
299,TRANSFER,12242508.16,C2117568769,0.0,0.0,C477469154,14063540.01,26306048.17,0,0
182,CASH_OUT,169482.54,C943261924,22017.0,0.0,C850348430,206678.13,376160.67,0,0
187,TRANSFER,988537.3,C1785241100,2558.0,0.0,C44014786,0.0,988537.3,0,0
179,CASH_OUT,129830.37,C326000108,11172.0,0.0,C839278820,0.0,129830.37,0,0
372,CASH_OUT,100435.7,C1968600735,0.0,0.0,C2060539913,279043.27,379478.97,0,0
349,TRANSFER,57747.55,C1772840771,0.0,0.0,C1573574112,273961.44,331708.99,0,0
232,CASH_OUT,122112.23,C1925720269,0.0,0.0,C1206394878,840677.55,962789.78,0,0
134,CASH_OUT,403619.62,C1351113717,2066.0,0.0,C139174251,323519.89,727139.51,0,0
375,CASH_OUT,100024.36,C753270009,0.0,0.0,C584720238,664299.64,764324.0,0,0
18,CASH_OUT,48165.42,C193752220,0.0,0.0,C1332748129,355281.3,146561.64,0,0
44,CASH_OUT,219306.24,C2039480126,0.0,0.0,C620247281,29965818.69,30185124.93,0,0
277,CASH_OUT,38726.19,C84988042,273973.0,235246.81,C1263414478,1487479.65,1526205.84,0,0
370,CASH_OUT,67228.42,C1521767343,0.0,0.0,C953017887,122753.39,189981.81,0,0
165,TRANSFER,490707.73,C1559418557,0.0,0.0,C372017580,10804976.33,11527331.86,0,0
378,CASH_OUT,96142.18,C2025539847,777.0,0.0,C2032063511,46817.48,142959.65,0,0
396,TRANSFER,349412.2,C1428092296,0.0,0.0,C1043296244,507477.93,856890.13,0,0
161,CASH_OUT,166851.14,C774273047,289.0,0.0,C572601373,0.0,166851.14,0,0
10,CASH_OUT,28399.89,C765574412,0.0,0.0,C1732837691,105533.0,451475.23,0,0
348,CASH_OUT,83255.21,C482884850,0.0,0.0,C1507864100,181310.69,264565.9,0,0
399,CASH_OUT,140264.19,C214657165,20995.0,0.0,C651573331,772911.35,913175.54,0,0
304,TRANSFER,286979.07,C739054434,0.0,0.0,C237673162,1495819.74,1782798.81,0,0
370,CASH_OUT,344578.82,C349667974,0.0,0.0,C901648575,2171421.86,2516000.68,0,0
306,TRANSFER,1368252.95,C1381644267,0.0,0.0,C589952474,10388028.87,11756281.82,0,0
253,CASH_OUT,115575.24,C637845367,0.0,0.0,C1205232478,6583876.32,6699451.57,0,0
356,CASH_OUT,112237.15,C295123774,672.0,0.0,C1814354606,1255989.58,1368226.73,0,0
161,CASH_OUT,136660.08,C1625722669,0.0,0.0,C1006736015,2496402.91,2633062.98,0,0
378,TRANSFER,561265.52,C1355121830,0.0,0.0,C124610747,2166944.13,2728209.64,0,0
140,TRANSFER,1365703.07,C754159410,100094.0,0.0,C209442259,0.0,1365703.07,0,0
38,CASH_OUT,268230.43,C126463204,14499.0,0.0,C1069012087,0.0,268230.43,0,0
162,TRANSFER,420471.9,C1163769878,0.0,0.0,C65797384,470751.33,891223.24,0,0
402,CASH_OUT,226441.58,C614273437,75703.0,0.0,C774712675,0.0,226441.58,0,0
300,TRANSFER,90198.89,C742879027,56817.03,0.0,C212796338,350999.83,441198.72,0,0
403,TRANSFER,339975.39,C823042035,0.0,0.0,C93504404,969461.43,1309436.83,0,0
158,CASH_OUT,181956.51,C1436685585,10509.43,0.0,C1352952367,2795829.52,2977786.03,0,0
162,CASH_OUT,215146.1,C1828823292,70632.0,0.0,C403361960,930577.85,1145723.95,0,0
138,CASH_OUT,223373.96,C1720143452,204423.0,0.0,C1341623775,1905639.55,2129013.51,0,0
178,CASH_OUT,244075.36,C234341283,230.0,0.0,C1819398051,1352133.55,1531918.78,0,0
44,CASH_OUT,99087.97,C1996181968,31895.0,0.0,C576334669,0.0,99087.97,0,0
233,CASH_OUT,284080.64,C1687042222,0.0,0.0,C452371438,419489.02,703569.66,0,0
184,CASH_OUT,286356.21,C1087316053,5391.0,0.0,C1890020832,332272.04,618628.25,0,0
592,CASH_OUT,148260.38,C642565785,0.0,0.0,C609890423,633859.48,782119.87,0,0
687,CASH_OUT,142874.14,C1576664800,7774.18,0.0,C596993950,1358735.85,1501609.99,0,0
308,CASH_OUT,47175.42,C750034485,12632.0,0.0,C1923944606,228334.83,275510.25,0,0
9,CASH_OUT,21922.0,C1499032143,21922.0,0.0,C1508330669,1929861.61,2046918.8,1,0
346,CASH_OUT,116782.08,C1780207881,0.0,0.0,C2131613042,6311220.45,6428002.52,0,0
355,TRANSFER,601336.97,C549676115,0.0,0.0,C1326112778,719044.14,1320381.11,0,0
19,CASH_OUT,47487.71,C1712676179,16085.0,0.0,C1974060990,1837054.67,2035589.82,0,0
158,CASH_OUT,143324.2,C322001876,188562.04,45237.84,C475329537,819144.91,962469.1,0,0
211,CASH_OUT,176266.67,C1557778006,30837.0,0.0,C414826110,935570.14,1111836.81,0,0
332,CASH_OUT,1326.19,C343938623,20359.0,19032.81,C2123745200,289289.56,290615.75,0,0
331,CASH_OUT,169251.94,C1042871975,10195.0,0.0,C1765478545,0.0,169251.94,0,0
204,CASH_OUT,535415.69,C1228403443,450107.0,0.0,C1014250282,1216396.54,1751812.23,0,0
181,CASH_OUT,955505.54,C2094567574,955505.54,0.0,C1388436257,466930.46,1422436.0,1,0
171,TRANSFER,211721.9,C1835704513,211721.9,0.0,C260205493,0.0,0.0,1,0
33,TRANSFER,1215319.51,C1180602726,244716.0,0.0,C1409226178,726277.72,1941597.23,0,0
154,CASH_OUT,61174.17,C1450245515,65058.14,3883.97,C1450501152,151248.09,212422.25,0,0
236,CASH_OUT,85632.09,C976704081,0.0,0.0,C1155131760,1737563.8,2419079.3,0,0
275,TRANSFER,181892.88,C209506573,0.0,0.0,C229100017,975900.61,1157793.5,0,0
177,CASH_OUT,235540.63,C1670982042,356087.56,120546.93,C506947988,2121476.72,2357017.35,0,0
403,CASH_OUT,122828.97,C719476065,0.0,0.0,C2030528692,1769409.35,1892238.31,0,0
135,CASH_OUT,192905.49,C1093085567,9913.0,0.0,C1983267751,0.0,192905.49,0,0
134,CASH_OUT,327722.55,C2038999886,19417.0,0.0,C1038401713,0.0,327722.55,0,0
567,CASH_OUT,145504.74,C820936438,0.0,0.0,C1246471431,2097510.26,2243014.99,0,0
43,TRANSFER,362152.77,C1484448573,362152.77,0.0,C1911678087,0.0,0.0,1,0
279,CASH_OUT,2759.26,C1310638946,851.0,0.0,C1549799492,517867.97,520627.23,0,0
94,CASH_OUT,272962.41,C268422612,0.0,0.0,C1457187638,2541115.32,2814077.74,0,0
230,CASH_OUT,114169.66,C1069101318,114169.66,0.0,C894811944,80478.74,194648.4,1,0
324,TRANSFER,1440082.02,C815607773,312315.22,0.0,C1329243476,2031538.16,3471620.17,0,0
303,CASH_OUT,88015.49,C1429102794,27282.0,0.0,C1744288133,2223177.01,2311192.5,0,0
201,CASH_OUT,131447.87,C1484307772,198824.0,67376.13,C784405981,878153.65,1009601.52,0,0
18,TRANSFER,1671293.13,C165216453,0.0,0.0,C56074101,5380889.33,7176978.43,0,0
331,CASH_OUT,190886.85,C725442185,491.0,0.0,C1523426366,8694117.22,8885004.07,0,0
279,CASH_OUT,315973.42,C428109043,0.0,0.0,C1210560428,2191503.46,2507476.88,0,0
299,CASH_OUT,306033.69,C1248158696,0.0,0.0,C1889584785,1444136.15,2122191.31,0,0
300,CASH_OUT,138104.68,C1603826305,51363.0,0.0,C959448011,0.0,138104.68,0,0
36,CASH_OUT,268316.06,C499735896,102247.0,0.0,C685350961,145662.61,413978.67,0,0
9,CASH_OUT,300671.02,C1910812097,0.0,0.0,C893953614,514119.92,2535303.73,0,0
186,CASH_OUT,173902.78,C1773265571,0.0,0.0,C933391722,560649.39,734552.17,0,0
522,CASH_OUT,171620.42,C759495268,0.0,0.0,C1589130133,271122.0,442742.42,0,0
417,CASH_OUT,1049586.54,C2136497575,1049586.54,0.0,C1080081723,8366.77,1057953.31,1,0
330,CASH_OUT,47516.58,C185425175,1197.0,0.0,C1736891294,950264.05,997780.63,0,0
280,CASH_OUT,14236.54,C1182878802,2939.63,0.0,C1307810132,242502.24,256738.77,0,0
251,CASH_OUT,170034.98,C1160420410,0.0,0.0,C1590944802,967387.93,1154199.25,0,0
373,CASH_OUT,214173.01,C1050806092,8000.0,0.0,C1702920633,0.0,214173.01,0,0
307,TRANSFER,56766.89,C417846466,0.0,0.0,C1458821865,63656.75,120423.63,0,0
138,CASH_OUT,118142.44,C1983238525,48657.0,0.0,C1923390666,0.0,118142.44,0,0
493,CASH_OUT,301991.59,C1059552372,0.0,0.0,C1660205497,2008418.2,2310409.79,0,0
282,CASH_OUT,177255.44,C1199700735,0.0,0.0,C536927430,1378270.15,1555525.6,0,0
184,CASH_OUT,186.07,C353521462,405.0,218.93,C608785637,112962.23,113148.3,0,0
9,CASH_OUT,323161.3,C540374075,145394.11,0.0,C1935365522,662646.36,2164371.71,0,0
402,CASH_OUT,139371.67,C222556749,20236.0,0.0,C1066026302,1382903.14,1522274.81,0,0
139,CASH_OUT,93956.26,C1021546848,9929.0,0.0,C1130053790,0.0,93956.26,0,0
36,TRANSFER,905249.21,C1780176323,0.0,0.0,C286834421,2185104.94,3090354.15,0,0
45,CASH_OUT,202377.71,C1487375232,0.0,0.0,C1480978052,2177134.89,2379512.6,0,0
303,TRANSFER,1940363.65,C201254124,0.0,0.0,C866633613,4078402.61,6018766.26,0,0
332,CASH_OUT,380055.27,C1158647616,0.0,0.0,C1854249522,889145.55,1269200.82,0,0
35,CASH_OUT,179605.59,C1694050427,0.0,0.0,C234809773,1345551.87,1525157.46,0,0
131,CASH_OUT,67281.32,C624369213,0.0,0.0,C2029097469,84714.09,151995.41,0,0
469,CASH_OUT,219644.94,C483905590,4598.0,0.0,C614786143,0.0,219644.94,0,0
35,CASH_OUT,173962.21,C965303728,0.0,0.0,C1347561676,358944.86,532907.08,0,0
17,CASH_OUT,219604.42,C487938619,0.0,0.0,C1430543710,944193.36,1163797.78,0,0
377,CASH_OUT,207755.38,C2121119441,0.0,0.0,C63464166,1008328.63,1216084.01,0,0
134,CASH_OUT,206033.17,C233144853,0.0,0.0,C393015113,279325.14,485358.31,0,0
278,CASH_OUT,67355.95,C1781395887,230368.23,163012.28,C864380450,303994.15,371350.1,0,0
206,CASH_OUT,99362.31,C1489854874,0.0,0.0,C692422148,1661546.03,1760908.34,0,0
355,TRANSFER,452576.5,C99419457,0.0,0.0,C1918032228,5296227.06,5748803.56,0,0
325,TRANSFER,584100.58,C1657315101,114805.0,0.0,C610218449,0.0,584100.58,0,0
18,CASH_OUT,48189.86,C968598276,10817.0,0.0,C411950866,0.0,93440.09,0,0
373,CASH_OUT,478813.07,C584905489,0.0,0.0,C1291356944,9204948.32,9683761.4,0,0
160,CASH_OUT,243498.04,C259557532,0.0,0.0,C967814370,815301.96,1058800.01,0,0
397,TRANSFER,78587.84,C1301214890,0.0,0.0,C592209429,561584.76,640172.6,0,0
373,TRANSFER,2441717.54,C1069417462,0.0,0.0,C886489127,14513671.27,16955388.81,0,0
352,CASH_OUT,103800.2,C411629560,0.0,0.0,C749839596,207331.59,311131.79,0,0
608,CASH_OUT,10000000.0,C1583037289,10000000.0,0.0,C368640357,0.0,10000000.0,1,0
347,CASH_OUT,222876.06,C858768724,1631.0,0.0,C709739116,584558.67,807434.73,0,0
207,CASH_OUT,83222.02,C2106585161,93447.0,10224.98,C1918655324,0.0,83222.02,0,0
164,CASH_OUT,21525.74,C322462685,22130.0,604.26,C709659599,901428.51,922954.25,0,0
644,CASH_OUT,118597.09,C1533174506,4052.82,0.0,C682399564,4790756.29,4909353.38,0,0
43,CASH_OUT,181367.2,C1794232276,10087.0,0.0,C581110256,21807.0,203174.2,0,0
275,CASH_OUT,21369.82,C195837334,90869.0,69499.18,C167991346,0.0,21369.82,0,0
260,CASH_OUT,64659.09,C785726360,0.0,0.0,C1137617697,3251512.74,3316171.83,0,0
19,CASH_OUT,664969.54,C1135309337,29.0,0.0,C2041526752,730029.32,1394998.87,0,0
542,TRANSFER,5166393.44,C1707763066,5166393.44,0.0,C190447545,0.0,0.0,1,0
395,CASH_OUT,395222.15,C1915106188,42997.0,0.0,C651129220,0.0,395222.15,0,0
279,TRANSFER,475195.11,C1048713231,0.0,0.0,C1650098761,2066843.83,2542038.95,0,0
396,CASH_OUT,137077.2,C664901486,847.0,0.0,C1021176375,687260.94,824338.13,0,0
21,CASH_OUT,157887.19,C2096554601,7913.0,0.0,C95364156,0.0,157887.19,0,0
278,CASH_OUT,430855.68,C1226863981,15181.0,0.0,C259860728,177543.55,608399.23,0,0
310,CASH_OUT,36648.5,C1538771767,0.0,0.0,C1548751140,115497.86,152146.37,0,0
188,TRANSFER,3486.76,C718622648,0.0,0.0,C1910464886,238304.15,241790.9,0,0
212,CASH_OUT,68811.53,C447725395,659.0,0.0,C235541225,0.0,68811.53,0,0
133,CASH_OUT,145989.51,C2068077312,36057.0,0.0,C1682189097,21678.03,167667.55,0,0
135,CASH_OUT,312616.98,C1049019358,60323.0,0.0,C2034138826,0.0,312616.98,0,0
155,CASH_OUT,331245.48,C1474467120,108935.52,0.0,C2047873194,1088730.82,1419976.3,0,0
323,CASH_OUT,202836.51,C196315524,0.0,0.0,C1938505574,3393385.94,3596222.46,0,0
664,TRANSFER,331729.06,C1287144716,331729.06,0.0,C1962276701,0.0,0.0,1,0
328,TRANSFER,6391.6,C1446359154,6391.6,0.0,C1765191456,0.0,0.0,1,0
234,CASH_OUT,293635.89,C1590015261,0.0,0.0,C1946244668,842970.43,1136606.31,0,0
321,TRANSFER,59628.24,C1046546525,59628.24,0.0,C2014793230,0.0,0.0,1,0
285,TRANSFER,781223.82,C58084477,9577.45,0.0,C1606174468,6199128.36,6980352.18,0,0
38,CASH_OUT,3699.93,C1304609266,30326.0,26626.07,C1498707404,0.0,3699.93,0,0
376,CASH_OUT,106284.48,C1846351919,29824.9,0.0,C1062062520,803397.75,909682.22,0,0
165,CASH_OUT,158292.09,C2080732386,9012.0,0.0,C1111128975,394116.6,552408.7,0,0
160,CASH_OUT,141299.99,C1484589488,185562.0,44262.01,C90576513,301469.78,442769.77,0,0
131,CASH_OUT,52555.51,C1447987368,0.0,0.0,C1924999072,110233.57,162789.09,0,0
19,CASH_OUT,71528.41,C855814309,0.0,0.0,C891272051,559588.37,631116.78,0,0
661,CASH_OUT,82743.25,C1696397007,16511.0,0.0,C90597794,118020.68,200763.93,0,0
380,TRANSFER,94038.77,C495328048,146003.0,51964.23,C1175818275,354674.33,448713.1,0,0
10,CASH_OUT,234744.59,C830830058,0.0,0.0,C1571466752,283992.0,803493.17,0,0
158,CASH_OUT,74059.25,C168313203,9112.0,0.0,C1912684154,0.0,74059.25,0,0
351,CASH_OUT,663370.92,C228033237,7981.0,0.0,C83676236,0.0,663370.92,0,0
397,CASH_OUT,81576.34,C55528213,0.0,0.0,C1170509,4384183.7,4177313.4,0,0
209,CASH_OUT,41338.86,C89340797,890.0,0.0,C505593496,645805.56,687144.41,0,0
96,TRANSFER,1089072.2,C118720781,243650.74,0.0,C735745880,1204746.69,2293818.9,0,0
47,CASH_OUT,61487.67,C2064498880,61487.67,0.0,C1457751793,0.0,61487.67,1,0
370,CASH_OUT,75444.52,C363168032,0.0,0.0,C811113807,182077.17,257521.69,0,0
185,CASH_OUT,296051.64,C2017036109,10111.0,0.0,C1458959620,134829.83,430881.47,0,0
19,CASH_OUT,172950.41,C645496022,79204.0,0.0,C232300735,132873.55,305823.96,0,0
404,CASH_OUT,106672.06,C637353005,20412.0,0.0,C2018224069,1513575.35,1620247.41,0,0
260,CASH_OUT,37178.24,C1997269651,5646.0,0.0,C373035916,93379.92,130558.16,0,0
648,CASH_OUT,1005346.72,C845487324,1005346.72,0.0,C1150675695,227.11,1005573.83,1,0
13,CASH_OUT,10346.03,C652502921,0.0,0.0,C480876567,921055.96,931401.99,0,0
395,CASH_OUT,133918.8,C858991549,0.0,0.0,C718351277,457010.15,590928.95,0,0
397,CASH_OUT,112977.01,C1719888865,0.0,0.0,C340190871,287218.78,400195.79,0,0
321,TRANSFER,552252.07,C632163594,0.0,0.0,C876394746,2148885.94,2701138.02,0,0
235,TRANSFER,679256.11,C1370065643,10690.0,0.0,C551816108,0.0,679256.11,0,0
358,CASH_OUT,180149.69,C1687764720,0.0,0.0,C1646581763,1770462.07,1950611.76,0,0
371,CASH_OUT,198984.43,C1110390237,107.0,0.0,C491144236,0.0,198984.43,0,0
225,CASH_OUT,295512.98,C141353816,133967.28,0.0,C259682339,7159295.3,7454808.28,0,0
9,CASH_OUT,232204.15,C756963271,593.0,0.0,C512212112,10398.0,0.0,0,0
78,CASH_OUT,1321091.25,C1817853136,1321091.25,0.0,C1040572676,0.0,1321091.25,1,0
378,CASH_OUT,118783.04,C1962320451,299571.0,180787.96,C376020997,322967.39,441750.42,0,0
42,CASH_OUT,346559.74,C545129212,15078.0,0.0,C1190426534,816115.27,1333391.16,0,0
157,CASH_OUT,209225.42,C989074204,3046.0,0.0,C1955762222,1784758.22,1993983.63,0,0
162,CASH_OUT,221312.24,C970333126,0.0,0.0,C6227323,4329206.56,4550518.8,0,0
403,CASH_OUT,22598.79,C2026235000,0.0,0.0,C827970508,2829316.26,2851915.05,0,0
281,CASH_OUT,54235.7,C898552679,54235.7,0.0,C1969225780,0.0,54235.7,1,0
446,TRANSFER,2720647.79,C1998926306,2720647.79,0.0,C619524298,0.0,0.0,1,0
674,CASH_OUT,306505.03,C1205102139,306505.03,0.0,C125162058,0.0,306505.03,1,0
308,CASH_OUT,73671.62,C1787375994,20820.0,0.0,C2056869533,0.0,73671.62,0,0
163,CASH_OUT,157358.68,C2115731447,30629.0,0.0,C1233368371,13169.3,170527.98,0,0
276,CASH_OUT,138014.32,C342577001,0.0,0.0,C2017838391,771920.13,909934.44,0,0
211,TRANSFER,405062.33,C883452416,405062.33,0.0,C89201535,0.0,0.0,1,0
426,TRANSFER,272046.88,C532095165,0.0,0.0,C1679645534,6468275.03,6740321.91,0,0
303,CASH_OUT,472487.14,C76831450,51764.0,0.0,C204028396,5642816.74,6115303.88,0,0
19,CASH_OUT,226122.95,C706127626,54508.49,0.0,C1547276296,445345.87,156816.59,0,0
397,CASH_OUT,5051.38,C2124123571,128141.0,123089.62,C1850680192,963729.11,968780.49,0,0
9,CASH_OUT,62481.27,C1504083220,0.0,0.0,C1383454473,2102485.27,3341582.26,0,0
13,CASH_OUT,67060.16,C1316211287,0.0,0.0,C1046164170,2139579.02,2206639.18,0,0
252,CASH_OUT,403719.77,C1264535995,42060.0,0.0,C513742898,8656320.86,9060040.63,0,0
396,CASH_OUT,54861.94,C156896366,20952.0,0.0,C1650807794,885220.4,940082.35,0,0
483,TRANSFER,3488355.65,C1713336918,3488355.65,0.0,C1279746199,0.0,0.0,1,0
370,CASH_OUT,69478.46,C1584788472,0.0,0.0,C1170201538,39450599.89,39520078.36,0,0
372,CASH_OUT,95677.56,C929374551,0.0,0.0,C1045593489,276326.88,372004.44,0,0
277,CASH_OUT,93110.98,C783402490,112738.0,19627.02,C1678187586,72249.03,165360.0,0,0
19,CASH_OUT,290848.48,C796040812,101751.0,0.0,C1145552251,335090.13,990586.08,0,0
308,TRANSFER,985989.09,C249674039,0.0,0.0,C1683138828,1745356.05,2731345.14,0,0
184,CASH_OUT,34872.12,C1759661963,31494.0,0.0,C91974096,213406.78,248278.9,0,0
16,CASH_OUT,34804.08,C201945772,0.0,0.0,C1943588172,763591.12,1242963.11,0,0
310,CASH_OUT,81850.08,C596464286,17131.19,0.0,C1268871368,101118.32,182968.4,0,0
426,CASH_OUT,45088.63,C1032758507,0.0,0.0,C198088046,172929.14,218017.77,0,0
652,TRANSFER,2911505.23,C1683729969,2911505.23,0.0,C557033420,0.0,0.0,1,0
311,CASH_OUT,253721.33,C170971965,0.0,0.0,C1605824099,278687.3,532408.63,0,0
298,CASH_OUT,369107.91,C577698870,0.0,0.0,C877101089,4016537.8,4385645.71,0,0
230,CASH_OUT,353876.11,C1110637904,72566.0,0.0,C1915467728,1015270.24,1369146.35,0,0
13,TRANSFER,1587761.66,C1298040510,12127.0,0.0,C73009098,636682.28,2224443.94,0,0
298,CASH_OUT,611346.43,C915094097,628.0,0.0,C360657060,74520.12,685866.55,0,0
129,CASH_OUT,141966.16,C1797616505,0.0,0.0,C2059328481,362289.67,504255.83,0,0
555,CASH_OUT,24424.67,C1355847784,24424.67,0.0,C1150938488,0.0,24424.67,1,0
347,CASH_OUT,52502.42,C49959893,0.0,0.0,C1447700287,1217612.14,1270114.56,0,0
56,TRANSFER,136562.78,C1391703729,136562.78,0.0,C1707583711,0.0,0.0,1,0
378,CASH_OUT,289476.25,C2087418043,0.0,0.0,C347037533,29846253.51,30135729.76,0,0
16,CASH_OUT,2642.42,C1820680976,0.0,0.0,C1381493119,966450.0,1466807.77,0,0
379,TRANSFER,60835.89,C1017105083,0.0,0.0,C1773449709,670947.87,731783.76,0,0
331,CASH_OUT,55344.34,C1691786088,6144.0,0.0,C2040842555,0.0,55344.34,0,0
34,CASH_OUT,185491.48,C1365928062,0.0,0.0,C1058629126,1114309.21,1299800.69,0,0
179,CASH_OUT,42464.91,C1348421719,5685.0,0.0,C1965011834,2289014.14,2331479.05,0,0
401,CASH_OUT,117418.9,C1162532583,0.0,0.0,C1849076525,405058.05,522476.95,0,0
138,CASH_OUT,390462.91,C29871789,0.0,0.0,C819498334,2956827.49,3347290.4,0,0
20,CASH_OUT,71798.09,C35882562,692195.57,620397.48,C657496906,395402.59,467200.68,0,0
135,TRANSFER,490821.48,C1813416042,13860.57,0.0,C1803688302,7261824.23,7752645.72,0,0
35,CASH_OUT,115861.99,C1106120894,0.0,0.0,C165903084,2848112.96,2587560.8,0,0
378,CASH_OUT,128339.73,C1446003877,1174.0,0.0,C539747264,2832114.6,2960454.33,0,0
333,CASH_OUT,98114.75,C1223507727,0.0,0.0,C694733108,1956323.57,2054438.32,0,0
354,CASH_OUT,372205.66,C1841410077,0.0,0.0,C9148985,773011.73,1145217.38,0,0
206,CASH_OUT,158049.13,C226995908,0.0,0.0,C800512224,4170437.79,4345508.86,0,0
354,CASH_OUT,211578.6,C1749826246,0.0,0.0,C989544665,2392442.14,2604020.75,0,0
308,CASH_OUT,239002.79,C59552028,42739.0,0.0,C363545786,0.0,239002.79,0,0
404,TRANSFER,1061055.58,C127072116,0.0,0.0,C1037865989,1420899.88,2481955.46,0,0
372,CASH_OUT,185300.94,C731739536,22222.0,0.0,C150691612,0.0,185300.94,0,0
166,TRANSFER,364556.53,C1838991753,121413.0,0.0,C1844042757,2214161.51,2578718.04,0,0
307,TRANSFER,971833.32,C330960642,0.0,0.0,C1543400839,8023757.2,8995590.52,0,0
15,CASH_OUT,112937.33,C388840115,307019.0,194081.67,C1370456165,241374.39,354311.72,0,0
297,CASH_OUT,90484.72,C57869180,0.0,0.0,C1025373793,458090.0,548574.72,0,0
183,CASH_OUT,102675.61,C1593980096,0.0,0.0,C753624935,2190224.36,2292899.97,0,0
258,TRANSFER,888764.22,C157362482,0.0,0.0,C100886246,2181250.39,3070014.61,0,0
307,CASH_OUT,117604.46,C1220478857,0.0,0.0,C1881041235,1738776.29,1856380.75,0,0
237,CASH_OUT,146322.98,C104718499,0.0,0.0,C378942839,241085.27,387408.26,0,0
278,CASH_OUT,65826.97,C1121273725,0.0,0.0,C647611472,258634.12,324461.09,0,0
21,TRANSFER,3196221.17,C1483585345,0.0,0.0,C2016729324,3618795.51,6815016.69,0,0
158,TRANSFER,873325.77,C646194710,103937.0,0.0,C1609694892,6299.0,879624.77,0,0
78,CASH_OUT,2254934.36,C706933703,2254934.36,0.0,C273430415,364128.61,2619062.97,1,0
12,CASH_OUT,286294.27,C1198446849,0.0,0.0,C1443405817,1322234.3,1329990.07,0,0
326,CASH_OUT,22113.53,C240415950,0.0,0.0,C798366734,1841695.7,1863809.23,0,0
12,CASH_OUT,346899.74,C262900809,6073.0,0.0,C7881234,3503897.95,4376964.12,0,0
16,CASH_OUT,235014.84,C1844442011,10783.0,0.0,C1535041470,0.0,496756.39,0,0
302,TRANSFER,553929.25,C792159792,0.0,0.0,C1551281573,730991.18,1284920.43,0,0
11,CASH_OUT,112450.0,C1445284015,29582.0,0.0,C648349910,0.0,222376.44,0,0
707,TRANSFER,3049753.79,C470081604,3049753.79,0.0,C365773860,0.0,0.0,1,0
306,TRANSFER,123136.86,C1888958614,139767.0,16630.14,C44586967,1083311.25,1206448.12,0,0
43,CASH_OUT,181525.69,C1516278557,2092.0,0.0,C1936074663,2927.47,184453.16,0,0
398,CASH_OUT,143044.87,C1024722008,0.0,0.0,C594205804,2609045.35,2752090.22,0,0
282,TRANSFER,321064.21,C1215472539,0.0,0.0,C1000899263,9986516.87,10307581.08,0,0
209,CASH_OUT,326590.31,C340783309,0.0,0.0,C1838403991,1288049.47,1614639.78,0,0
378,CASH_OUT,275669.21,C535977887,0.0,0.0,C510016576,294139.53,569808.75,0,0
304,CASH_OUT,86036.42,C523079396,2959.0,0.0,C819824993,0.0,86036.42,0,0
42,CASH_OUT,33531.99,C1088733053,40737.0,7205.01,C957345386,26502.05,60034.04,0,0
644,TRANSFER,1285165.96,C1738890382,0.0,0.0,C1102045375,2254000.73,3539166.69,0,0
304,CASH_OUT,302926.7,C1574263266,0.0,0.0,C1471541081,365985.62,668912.32,0,0
129,CASH_OUT,100298.45,C317899852,13556.0,0.0,C1621645601,31874.14,132172.59,0,0
375,CASH_OUT,112366.12,C2117377950,0.0,0.0,C591064462,249773.31,362139.43,0,0
239,TRANSFER,289909.26,C496266973,0.0,0.0,C492815106,4673814.39,4963723.65,0,0
399,CASH_OUT,144076.82,C111224826,0.0,0.0,C946160166,2447791.27,2591868.09,0,0
131,CASH_OUT,321370.23,C2104502191,0.0,0.0,C2061372791,4372775.36,4694145.59,0,0
7,CASH_OUT,142953.17,C61752118,0.0,0.0,C1234776885,5340866.46,5424661.74,0,0
236,CASH_OUT,219941.78,C727558585,0.0,0.0,C863466772,1031836.25,1251778.03,0,0
277,CASH_OUT,65472.24,C551149128,0.0,0.0,C480599533,181698.88,247171.13,0,0
302,CASH_OUT,31653.97,C216670077,18257.0,0.0,C1683276051,0.0,31653.97,0,0
226,CASH_OUT,5772.0,C625876553,5772.0,0.0,C480476541,252750.28,258522.28,1,0
404,TRANSFER,732740.9,C1279021019,49193.0,0.0,C1527544773,797101.15,1529842.05,0,0
398,TRANSFER,402246.1,C1994927559,0.0,0.0,C1022126674,561579.78,963825.88,0,0
187,CASH_OUT,2044841.02,C1943035260,2044841.02,0.0,C1552135476,397169.1,2442010.12,1,0
204,TRANSFER,607869.79,C351425262,47857.0,0.0,C173615422,340411.92,948281.71,0,0
162,CASH_OUT,100022.93,C1949288512,73681.0,0.0,C54670272,265819.36,365842.29,0,0
167,CASH_OUT,287660.54,C1193582337,0.0,0.0,C438860872,1275402.08,1563062.63,0,0
132,TRANSFER,146773.39,C168931753,0.0,0.0,C82658741,701752.65,848526.04,0,0
378,CASH_OUT,61388.92,C1154652075,211447.0,150058.08,C2127438887,4682.41,66071.33,0,0
371,CASH_OUT,311471.82,C799636168,0.0,0.0,C706499052,2973504.97,3284976.79,0,0
335,TRANSFER,358679.23,C1527380193,30272.0,0.0,C1186248722,0.0,358679.23,0,0
275,CASH_OUT,272334.32,C1474974381,0.0,0.0,C1374285180,769755.5,1042089.82,0,0
308,CASH_OUT,74445.84,C1126389028,3766.0,0.0,C1443045215,103477.25,177923.08,0,0
94,TRANSFER,2169679.91,C358188091,2169679.91,0.0,C329029721,0.0,0.0,1,0
379,CASH_OUT,171539.07,C1978562019,11022.0,0.0,C526551996,1271266.4,1442805.47,0,0
37,CASH_OUT,48513.41,C1159923094,31438.0,0.0,C1116382981,5323793.88,5372307.3,0,0
372,CASH_OUT,413926.78,C1784701803,0.0,0.0,C870513196,823364.49,1237291.27,0,0
204,CASH_OUT,110810.36,C1038335370,0.0,0.0,C1245565597,1107298.27,1218108.63,0,0
230,CASH_OUT,97161.41,C1469602567,0.0,0.0,C1584838894,1017326.23,1114487.64,0,0
12,CASH_OUT,182564.82,C1204020135,115770.02,0.0,C1262048384,479908.6,632223.38,0,0
140,CASH_OUT,63120.18,C301237071,41573.0,0.0,C1544400119,0.0,63120.18,0,0
234,CASH_OUT,161247.04,C1180472867,15328.0,0.0,C1947180498,229026.2,435062.95,0,0
347,TRANSFER,75285.65,C948859173,0.0,0.0,C2140454314,274515.46,349801.11,0,0
226,CASH_OUT,221878.19,C2082131879,11505.0,0.0,C1862549119,403692.6,625570.79,0,0
621,CASH_OUT,9577.08,C2136886165,25467.0,15889.92,C25886631,100363.94,109941.01,0,0
185,CASH_OUT,80633.44,C1304058010,6068.0,0.0,C776198528,9882864.62,9963498.06,0,0
232,CASH_OUT,607569.09,C1492878606,1050.0,0.0,C483510748,1409807.66,2105817.02,0,0
402,CASH_OUT,100141.22,C1880175066,63720.0,0.0,C2042510007,455965.3,556106.53,0,0
42,CASH_OUT,134206.52,C598921029,32288.0,0.0,C1345033150,1049890.07,1184096.59,0,0
703,TRANSFER,337287.72,C1022326247,337287.72,0.0,C426683536,0.0,0.0,1,0
400,CASH_OUT,260576.34,C1316800674,1367.0,0.0,C457921557,0.0,260576.34,0,0
237,CASH_OUT,20272.79,C1160136194,10866.0,0.0,C2098156662,806052.89,826325.68,0,0
154,CASH_OUT,213655.17,C2144852173,0.0,0.0,C1923077600,4801758.9,5015414.07,0,0
214,CASH_OUT,97679.05,C1617778857,3256.0,0.0,C1792865842,479847.53,577526.58,0,0
371,CASH_OUT,38440.42,C1299794529,374944.62,336504.2,C250740466,2360256.2,2398696.62,0,0
46,CASH_OUT,9977761.05,C840795008,9977761.05,0.0,C1214752539,0.0,9977761.05,1,0
44,CASH_OUT,103885.29,C1454751065,0.0,0.0,C1573732938,492322.55,596207.84,0,0
277,CASH_OUT,195477.09,C400485608,11379.0,0.0,C1987293519,329430.97,524908.05,0,0
354,CASH_OUT,25135.95,C1766645027,0.0,0.0,C895886169,114478.76,139614.71,0,0
308,CASH_OUT,194204.05,C1292313482,10811.0,0.0,C466659398,5224.73,199428.78,0,0
702,CASH_OUT,573266.42,C1802792293,573266.42,0.0,C203516640,0.0,573266.42,1,0
130,CASH_OUT,279537.69,C900358313,21806.0,0.0,C855864411,14428.52,293966.2,0,0
154,CASH_OUT,221704.55,C652157581,21733.0,0.0,C1720199936,1736581.0,1958285.55,0,0
144,CASH_OUT,25539.35,C241391030,92126.05,66586.7,C1988852187,11238438.46,11263977.81,0,0
13,TRANSFER,245881.62,C1054359675,0.0,0.0,C1089175642,493694.31,739575.94,0,0
371,CASH_OUT,241674.39,C994301785,0.0,0.0,C195132477,5102011.9,5343686.29,0,0
43,TRANSFER,1147584.68,C215078773,7177.0,0.0,C1896258310,0.0,1147584.68,0,0
134,CASH_OUT,320214.09,C1910003401,0.0,0.0,C1673434442,644319.25,964533.34,0,0
230,CASH_OUT,168950.84,C1055366232,14578.0,0.0,C2086416315,502297.98,671248.81,0,0
379,CASH_OUT,237652.54,C1756881201,12025.0,0.0,C222658764,6922.19,481248.27,0,0
191,CASH_OUT,193775.99,C2070670115,0.0,0.0,C415396350,5484557.59,5678333.58,0,0
394,CASH_OUT,178675.04,C875694864,20967.0,0.0,C1520167207,0.0,178675.04,0,0
323,CASH_OUT,428380.38,C1315197805,293.0,0.0,C1438649538,31920.24,460300.62,0,0
256,TRANSFER,110081.59,C1812077682,0.0,0.0,C346821553,1086484.25,1196565.84,0,0
202,CASH_OUT,106030.36,C796972805,0.0,0.0,C1340832760,106326.43,212356.8,0,0
163,TRANSFER,1978888.19,C2095171397,20941.0,0.0,C1445181145,0.0,1978888.19,0,0
322,TRANSFER,1542114.63,C1410527391,16381.0,0.0,C1088952396,59300.27,1601414.89,0,0
398,CASH_OUT,236604.55,C22750920,179.0,0.0,C1763270505,330273.8,566878.35,0,0
741,TRANSFER,10000000.0,C1111699947,35674547.89,25674547.89,C949015157,0.0,0.0,1,0
186,CASH_OUT,325400.6,C654691083,0.0,0.0,C25762899,1034107.4,1359508.0,0,0
18,TRANSFER,9131.0,C1592623877,9131.0,0.0,C87183368,0.0,0.0,1,0
686,CASH_OUT,438832.46,C892881573,1673.0,0.0,C429099916,365260.33,804092.79,0,0
656,TRANSFER,84007.22,C579843849,84007.22,0.0,C1006401921,0.0,0.0,1,0
325,CASH_OUT,54890.1,C673232546,0.0,0.0,C1835341838,3230339.35,3285229.45,0,0
155,CASH_OUT,43832.16,C723772433,0.0,0.0,C1034973775,60985.1,104817.26,0,0
164,CASH_OUT,194260.5,C1306590780,0.0,0.0,C401411276,1301655.64,1495916.14,0,0
131,CASH_OUT,22880.09,C1293118444,2.0,0.0,C1031223422,1465439.6,1488319.69,0,0
226,CASH_OUT,230624.75,C484362218,0.0,0.0,C223191440,241322.02,471946.76,0,0
235,CASH_OUT,321179.31,C218562827,0.0,0.0,C1639504554,1018395.72,1339575.03,0,0
135,CASH_OUT,470537.77,C1268162332,455811.0,0.0,C1358672929,165286.83,635824.6,0,0
535,CASH_OUT,72878.02,C1080600836,72878.02,0.0,C1836993798,55093.16,127971.18,1,0
333,CASH_OUT,54893.3,C1475623699,0.0,0.0,C697925892,219326.31,274219.61,0,0
160,TRANSFER,141508.56,C639037502,141508.56,0.0,C595727199,0.0,0.0,1,0
18,CASH_OUT,67759.65,C1011710633,0.0,0.0,C1945950208,489064.65,556824.3,0,0
371,CASH_OUT,203546.93,C1199407572,195447.0,0.0,C1395293220,654721.42,858268.35,0,0
36,CASH_OUT,121571.95,C1776405771,0.0,0.0,C1520073710,181627.49,303199.44,0,0
378,CASH_OUT,183299.47,C1394328141,0.0,0.0,C634772285,852024.86,1035324.34,0,0
565,CASH_OUT,56523.68,C1598669583,0.0,0.0,C1989571468,359651.45,416175.13,0,0
46,CASH_OUT,154407.65,C2099850283,0.0,0.0,C410421660,234568.0,388975.65,0,0
207,CASH_OUT,37557.08,C963252013,0.0,0.0,C266364845,70508.62,108065.7,0,0
41,TRANSFER,201908.82,C1199668172,0.0,0.0,C111255305,234078.18,435987.0,0,0
581,TRANSFER,414153.16,C239145615,414153.16,0.0,C1124752775,0.0,0.0,1,0
39,TRANSFER,13531.55,C2013415003,1066.0,0.0,C1566354733,221969.8,235501.35,0,0
394,CASH_OUT,336569.07,C1230740902,10123.0,0.0,C270020519,3707002.33,4043571.4,0,0
160,CASH_OUT,513983.45,C1614210846,0.0,0.0,C279509371,1609821.33,2123804.78,0,0
202,CASH_OUT,231051.62,C2088758257,0.0,0.0,C86741715,313300.41,544352.03,0,0
322,CASH_OUT,260841.86,C261045321,0.0,0.0,C1503836192,266050.19,526892.04,0,0
17,CASH_OUT,287878.44,C1640160677,6443.0,0.0,C114940877,1328959.82,1616838.26,0,0
253,CASH_OUT,72404.44,C593180223,31607.0,0.0,C538241983,817028.66,889433.1,0,0
159,CASH_OUT,14772.52,C1551381573,0.0,0.0,C524023061,2364538.27,2379310.8,0,0
13,CASH_OUT,145406.38,C1677875871,922640.13,777233.75,C995913779,444494.81,589901.18,0,0
258,CASH_OUT,71331.05,C2063304212,0.0,0.0,C1587811657,154756.43,226087.48,0,0
41,CASH_OUT,102719.51,C2065065134,0.0,0.0,C710011933,164285.6,267005.11,0,0
305,TRANSFER,643769.58,C910119085,0.0,0.0,C1746358681,2909659.83,3553429.4,0,0
401,CASH_OUT,147712.31,C231019046,0.0,0.0,C228714056,189246.32,336958.63,0,0
42,CASH_OUT,212487.57,C1309845823,0.0,0.0,C2083425627,311409.48,523897.05,0,0
403,CASH_OUT,180520.45,C1175854780,11328.0,0.0,C507014295,1811072.76,1991593.21,0,0
192,TRANSFER,1924148.35,C858477796,0.0,0.0,C76139730,7891984.9,9816133.26,0,0
279,CASH_OUT,87293.21,C1853889378,0.0,0.0,C1625046482,917542.73,1004835.94,0,0
379,CASH_OUT,101812.19,C1620083080,0.0,0.0,C509552027,815233.07,917045.26,0,0
43,CASH_OUT,210241.98,C522897533,326215.0,115973.02,C154359863,22023.78,232265.76,0,0
162,TRANSFER,161972.86,C2001652260,0.0,0.0,C687153730,678344.06,840316.92,0,0
325,CASH_OUT,123851.29,C680531423,1063.0,0.0,C1443059696,13980.45,137831.74,0,0
163,CASH_OUT,354142.85,C1624347606,29862.0,0.0,C1097503694,0.0,354142.85,0,0
182,CASH_OUT,30455.63,C821526330,50098.0,19642.37,C662335667,1457728.52,1488184.15,0,0
371,CASH_OUT,329407.7,C802570901,44165.0,0.0,C1657371394,114475.25,443882.94,0,0
37,TRANSFER,1412997.51,C526705643,103941.0,0.0,C928439299,219131.98,1632129.48,0,0
306,TRANSFER,677035.59,C1661110477,10089.0,0.0,C1943143838,1377147.56,2054183.15,0,0
40,CASH_OUT,55794.66,C717634814,0.0,0.0,C863229368,148311.72,204106.38,0,0
255,CASH_OUT,31782.6,C1549086024,5010.0,0.0,C1993082648,0.0,31782.6,0,0
679,TRANSFER,3150438.28,C1921052827,3150438.28,0.0,C117597233,0.0,0.0,1,0
349,TRANSFER,216780.21,C775038815,10552.0,0.0,C485926906,386572.72,603352.93,0,0
186,CASH_OUT,216877.32,C1430416055,341.0,0.0,C5036424,0.0,216877.32,0,0
37,CASH_OUT,742113.81,C507608888,0.0,0.0,C1255395942,3973051.58,4715165.39,0,0
12,CASH_OUT,70594.93,C561479277,0.0,0.0,C307650446,1371424.57,1817662.3,0,0
259,TRANSFER,100092.84,C903515021,158.0,0.0,C545707113,4767434.66,4867527.51,0,0
548,CASH_OUT,28801.73,C1999157082,0.0,0.0,C185462480,157110.16,185911.89,0,0
282,CASH_OUT,30372.79,C965299203,0.0,0.0,C1745191914,379881.62,410254.4,0,0
253,CASH_OUT,209860.12,C880432685,396.0,0.0,C1747029205,0.0,209860.12,0,0
398,TRANSFER,4309298.47,C668700925,4309298.47,0.0,C1360905880,0.0,0.0,1,0
86,CASH_OUT,21829.31,C1952555964,21829.31,0.0,C1702948277,357009.54,378838.85,1,0
233,CASH_OUT,361784.85,C444935583,0.0,0.0,C1345891810,1509278.63,1871063.48,0,0
232,TRANSFER,2898.09,C700411853,2898.09,0.0,C91566300,0.0,0.0,1,0
14,TRANSFER,1832319.42,C439830884,1832319.42,0.0,C1133002328,0.0,0.0,1,0
281,TRANSFER,105976.9,C1350208514,0.0,0.0,C1253102821,540704.88,646681.78,0,0
605,TRANSFER,251118.04,C1837848776,251118.04,0.0,C119259664,0.0,0.0,1,0
426,CASH_OUT,215822.64,C589012298,22641.0,0.0,C308083279,27657.33,243479.97,0,0
237,CASH_OUT,50577.96,C1216704717,0.0,0.0,C1340657878,11533258.81,11583836.77,0,0
42,CASH_OUT,147033.25,C325729541,0.0,0.0,C1369138601,433884.02,705353.19,0,0
205,CASH_OUT,251770.95,C211280279,694.0,0.0,C1397433871,0.0,251770.95,0,0
274,CASH_OUT,367280.87,C1057143179,30943.0,0.0,C890962248,212417.89,579698.77,0,0
154,CASH_OUT,60453.67,C48385006,39894.0,0.0,C1578952662,743411.12,803864.78,0,0
210,CASH_OUT,129443.55,C920805489,0.0,0.0,C1967854703,394073.81,523517.36,0,0
401,CASH_OUT,68718.91,C867245408,104255.0,35536.09,C1421710868,262810.07,331528.98,0,0
37,CASH_OUT,479115.44,C175075630,204447.0,0.0,C876410683,0.0,794048.73,0,0
332,CASH_OUT,76327.76,C590833688,0.0,0.0,C913087778,14235494.77,14311822.52,0,0
162,CASH_OUT,281343.66,C2101242369,12329.0,0.0,C17235445,1383132.21,1664475.87,0,0
380,CASH_OUT,163452.87,C1189408951,7871.0,0.0,C2123081877,234353.68,397806.55,0,0
329,TRANSFER,111108.91,C35438486,0.0,0.0,C1181782639,229396.33,340505.24,0,0
211,CASH_OUT,23186.28,C895702214,0.0,0.0,C1453072844,126547.06,149733.34,0,0
355,CASH_OUT,401436.45,C2072015993,0.0,0.0,C501399780,814821.68,1216258.14,0,0
304,CASH_OUT,290124.98,C1024893870,3036.0,0.0,C1621947008,0.0,290124.98,0,0
309,CASH_OUT,64947.86,C1797441366,0.0,0.0,C1130580337,558597.25,623545.11,0,0
186,CASH_OUT,140621.72,C534384672,41612.0,0.0,C1685892117,2193249.6,2333871.32,0,0
12,CASH_OUT,222719.78,C341838701,35138.0,0.0,C867652381,5076.0,0.0,0,0
185,CASH_OUT,42674.23,C383427626,0.0,0.0,C1010648396,178045.95,220720.18,0,0
249,CASH_OUT,307861.69,C1152813535,30459.0,0.0,C652587930,264738.71,572600.4,0,0
374,CASH_OUT,28116.01,C278774091,31136.0,3019.99,C2073736965,10292.56,38408.58,0,0
350,CASH_OUT,141106.43,C1882596789,0.0,0.0,C1595687985,162799.52,303905.95,0,0
198,CASH_OUT,18471.55,C680864117,18471.55,0.0,C2041586842,0.0,18471.55,1,0
93,CASH_OUT,35555.14,C699273735,23259.0,0.0,C1927962403,101466.95,137022.09,0,0
13,CASH_OUT,189671.7,C556594845,94182.0,0.0,C1808210809,440747.99,630419.68,0,0
204,CASH_OUT,137882.8,C1423417673,0.0,0.0,C667956784,261418.13,523939.22,0,0
377,CASH_OUT,341820.69,C368981046,60954.0,0.0,C2062422205,1009830.74,1351651.43,0,0
161,CASH_OUT,174553.18,C128611301,0.0,0.0,C449222103,535462.59,710015.76,0,0
253,CASH_OUT,157628.35,C418787765,157628.35,0.0,C492603644,17051087.32,17208715.67,1,0
257,CASH_OUT,146110.37,C1305668680,14284.66,0.0,C705098650,1773751.92,2737114.38,0,0
12,CASH_OUT,145767.69,C2007305362,0.0,0.0,C430541828,608456.51,754224.2,0,0
189,CASH_OUT,57721.0,C156910668,4190.0,0.0,C2055375383,2085015.14,2142736.15,0,0
352,CASH_OUT,83932.16,C241682847,8503.0,0.0,C114809644,3231821.65,3315753.81,0,0
15,CASH_OUT,67152.01,C1983291647,0.0,0.0,C128337382,157615.41,224767.43,0,0
296,TRANSFER,716273.17,C178061397,716273.17,0.0,C1590888168,0.0,0.0,1,0
135,CASH_OUT,38201.29,C1725198463,0.0,0.0,C1307014042,2082218.54,2120419.83,0,0
728,TRANSFER,6322399.97,C1838430036,6322399.97,0.0,C432858723,0.0,0.0,1,0
206,CASH_OUT,192827.68,C1482288153,10444.0,0.0,C824208363,7545028.02,7737855.7,0,0
36,CASH_OUT,42907.85,C859665545,0.0,0.0,C1317309269,63535.17,106443.02,0,0
403,CASH_OUT,196254.03,C2032582234,196254.03,0.0,C677415412,0.0,196254.03,1,0
178,CASH_OUT,88798.0,C329008079,0.0,0.0,C1532638647,2177511.08,2266309.09,0,0
466,CASH_OUT,121335.21,C1364411988,5046.0,0.0,C705784863,713789.92,835125.13,0,0
10,CASH_OUT,228405.46,C1652675161,0.0,0.0,C1313685064,258652.22,305850.46,0,0
398,CASH_OUT,160162.22,C1817154909,0.0,0.0,C199103888,3819694.92,3979857.15,0,0
684,TRANSFER,752963.42,C667276903,0.0,0.0,C951611415,1263946.02,2016909.44,0,0
319,CASH_OUT,88424.06,C871094830,88424.06,0.0,C697909635,1058979.19,1147403.25,1,0
165,TRANSFER,42435.4,C1704387819,100621.0,58185.6,C782589944,0.0,42435.4,0,0
46,TRANSFER,35016.23,C397528199,35016.23,0.0,C1325281003,0.0,0.0,1,0
205,CASH_OUT,230878.55,C697124245,0.0,0.0,C1422584540,1482924.28,1713802.84,0,0
252,CASH_OUT,163486.26,C634344890,0.0,0.0,C381660416,365298.43,528784.69,0,0
162,CASH_OUT,229406.24,C1262222990,0.0,0.0,C11604229,9688803.35,9918209.59,0,0
258,TRANSFER,928329.97,C440784770,20627.0,0.0,C91187893,137492.43,1065822.41,0,0
185,CASH_OUT,40646.83,C671719555,0.0,0.0,C1005898815,3137301.55,3177948.38,0,0
397,CASH_OUT,27133.7,C1893656264,3005.0,0.0,C1416280777,0.0,27133.7,0,0
155,CASH_OUT,238101.4,C1207412337,107890.0,0.0,C1240800318,1098978.1,1549066.95,0,0
181,CASH_OUT,135973.72,C1318038678,349042.0,213068.28,C1531167406,7321323.44,7457297.15,0,0
155,CASH_OUT,323764.02,C601563190,15032.0,0.0,C1765998352,6979718.23,7303482.25,0,0
379,CASH_OUT,178265.98,C1989975871,0.0,0.0,C837405235,500385.25,678651.23,0,0
492,CASH_OUT,324658.58,C1991561104,0.0,0.0,C1677466883,1466433.19,1791091.78,0,0
34,TRANSFER,1321253.24,C1344527567,0.0,0.0,C232933235,3067073.79,4388327.03,0,0
714,TRANSFER,8838.19,C356480504,8838.19,0.0,C1101816273,0.0,0.0,1,0
306,CASH_OUT,131753.44,C787821876,307612.41,175858.97,C175168015,2128983.09,2260736.53,0,0
157,CASH_OUT,196484.25,C1009353800,0.0,0.0,C155617949,603025.57,799509.83,0,0
258,TRANSFER,275803.82,C573659860,441.0,0.0,C1358980332,779175.85,1054979.67,0,0
741,TRANSFER,10000000.0,C88849251,25674547.89,15674547.89,C1939028448,0.0,0.0,1,0
266,TRANSFER,68840.87,C289698298,0.0,0.0,C1105373535,178694.32,247535.2,0,0
402,TRANSFER,143592.89,C283218785,143592.89,0.0,C1008131550,0.0,0.0,1,0
399,TRANSFER,611995.67,C738192538,0.0,0.0,C1070057359,3393468.16,4005463.83,0,0
352,CASH_OUT,69005.13,C481440734,0.0,0.0,C1386442101,232764.25,301769.38,0,0
139,CASH_OUT,249878.73,C802639644,0.0,0.0,C338382927,2517771.37,2767650.1,0,0
184,TRANSFER,349863.3,C819851331,23323.0,0.0,C223804656,0.0,349863.3,0,0
188,TRANSFER,420713.96,C1191935314,20391.0,0.0,C1425817224,1403407.36,1824121.31,0,0
214,CASH_OUT,25031.41,C1937191007,0.0,0.0,C1831455369,107498.87,132530.29,0,0
181,TRANSFER,532139.69,C548202590,10411.0,0.0,C553662232,220965.51,753105.2,0,0
578,TRANSFER,4961014.03,C740943100,4961014.03,0.0,C1093087411,0.0,0.0,1,0
41,CASH_OUT,366756.07,C1494306496,0.0,0.0,C1841891797,4013259.5,4380015.57,0,0
490,CASH_OUT,306230.73,C583347188,0.0,0.0,C1121913256,794591.55,1100822.28,0,0
14,CASH_OUT,531881.04,C857654676,313.0,0.0,C332144241,10380.0,537199.75,0,0
322,CASH_OUT,183722.67,C1111325461,201567.0,17844.33,C306230633,0.0,183722.67,0,0
347,CASH_OUT,257955.49,C1527398655,106311.0,0.0,C1205042931,0.0,257955.49,0,0
380,CASH_OUT,131580.08,C1906497165,0.0,0.0,C1636426934,2390308.7,2521888.78,0,0
30,CASH_OUT,109401.88,C984153855,109401.88,0.0,C1806203979,245588.62,354990.5,1,0
456,CASH_OUT,760984.58,C2076996831,760984.58,0.0,C1951439287,1550675.96,2311660.54,1,0
211,CASH_OUT,28565.73,C472565831,20205.0,0.0,C1955716184,94859.51,123425.24,0,0
372,CASH_OUT,381428.69,C1493821987,10095.0,0.0,C1598457267,0.0,381428.69,0,0
21,CASH_OUT,72643.88,C1263884004,0.0,0.0,C1802366343,427054.15,499698.04,0,0
403,CASH_OUT,117559.43,C503723203,34241.0,0.0,C2125824001,165838.54,283397.98,0,0
301,CASH_OUT,268519.6,C1744875779,481.0,0.0,C7096437,37658.93,306178.53,0,0
177,TRANSFER,1201681.76,C1900756070,1201681.76,0.0,C1995455020,0.0,0.0,1,0
198,CASH_OUT,2634032.61,C901300638,2634032.61,0.0,C1646300362,502216.16,3136248.77,1,0
226,CASH_OUT,44554.69,C1030466361,0.0,0.0,C1985882714,454772.38,499327.07,0,0
202,CASH_OUT,101206.85,C434459361,193643.35,92436.5,C1224461738,1395413.61,1496620.45,0,0
285,CASH_OUT,331946.06,C1175215949,0.0,0.0,C1260069952,3169697.88,3501643.94,0,0
354,CASH_OUT,144365.52,C1206912451,0.0,0.0,C1944580868,1425021.43,1569386.95,0,0
161,TRANSFER,1534998.14,C485121742,12531.0,0.0,C580774504,3119397.21,4654395.35,0,0
156,CASH_OUT,43875.34,C873247301,105323.0,61447.66,C1704538514,3385734.0,3429609.33,0,0
132,TRANSFER,314756.8,C1042934767,11255.0,0.0,C28290307,65472.8,380229.61,0,0
209,CASH_OUT,72453.62,C287063265,0.0,0.0,C2129785505,10322919.26,10395372.87,0,0
370,TRANSFER,349954.3,C439128045,0.0,0.0,C295377942,745424.05,1095378.34,0,0
307,CASH_OUT,385169.07,C2000259833,0.0,0.0,C241299696,1161708.96,1546878.03,0,0
43,CASH_OUT,149444.25,C1361925152,191794.0,42349.75,C1825201059,181841.76,217971.99,0,0
328,CASH_OUT,114806.86,C1104432615,32523.0,0.0,C2040781482,0.0,114806.86,0,0
162,CASH_OUT,120350.3,C1146328316,24932.0,0.0,C891373647,258901.84,379252.15,0,0
227,CASH_OUT,25625.72,C299121094,0.0,0.0,C173952420,1098616.18,1124241.91,0,0
355,CASH_OUT,295139.81,C1079099651,0.0,0.0,C43250392,4786287.73,5081427.53,0,0
375,CASH_OUT,21167.37,C234557465,0.0,0.0,C1815102238,309590.12,330757.49,0,0
153,CASH_OUT,273380.38,C1016431250,0.0,0.0,C1091058602,505245.09,778625.47,0,0
159,TRANSFER,978078.72,C868396212,198319.0,0.0,C543116757,152040.28,1130119.0,0,0
19,CASH_OUT,17003.53,C1661059901,0.0,0.0,C1744872108,74077.34,91080.87,0,0
284,TRANSFER,1216578.38,C101075267,20415.0,0.0,C1238300543,324610.6,1541188.98,0,0
298,CASH_OUT,80792.55,C414660567,0.0,0.0,C1546467177,4355222.16,4436014.71,0,0
11,TRANSFER,47215.33,C775167967,0.0,0.0,C703801921,58504.72,105720.06,0,0
276,CASH_OUT,163652.11,C806155061,0.0,0.0,C1396251115,2795643.54,2959295.65,0,0
230,TRANSFER,822403.82,C1994887211,0.0,0.0,C1177383333,959911.6,1782315.41,0,0
369,CASH_OUT,33952.87,C1638540215,10501.0,0.0,C2047967454,74534543.26,74568496.13,0,0
329,CASH_OUT,3551022.86,C1267379776,3551022.86,0.0,C355648963,196995.31,3748018.17,1,0
307,CASH_OUT,188778.96,C282363129,37522.0,0.0,C1763052822,0.0,198199.75,0,0
11,CASH_OUT,319907.58,C1879361924,142918.35,0.0,C757659232,577038.04,1098995.85,0,0
254,CASH_OUT,144802.29,C1641041577,0.0,0.0,C1378881161,5510016.69,5654818.98,0,0
300,CASH_OUT,78696.06,C1641811424,0.0,0.0,C855787614,153519.31,232215.37,0,0
20,CASH_OUT,33042.6,C1698901036,735.0,0.0,C2092446101,0.0,33042.6,0,0
44,CASH_OUT,30938.1,C907196581,141708.16,110770.06,C849028719,3416855.59,3447793.68,0,0
406,TRANSFER,1823000.15,C2047440110,0.0,0.0,C52739310,4782304.5,6605304.65,0,0
589,CASH_OUT,13966.33,C1446831609,61364.0,47397.67,C2498949,0.0,13966.33,0,0
187,CASH_OUT,357456.82,C1327807661,103602.0,0.0,C1656993739,25025.18,382482.0,0,0
185,CASH_OUT,225524.49,C1431831281,0.0,0.0,C1648214200,6315494.79,6541019.27,0,0
280,CASH_OUT,30224.11,C66590323,17217.0,0.0,C1168279499,3957118.59,3987342.7,0,0
11,CASH_OUT,323977.73,C1696218457,0.0,0.0,C1556875182,10741239.49,11065217.22,0,0
358,CASH_OUT,228398.61,C1762091770,0.0,0.0,C1431117736,473742.58,702141.19,0,0
407,CASH_OUT,91655.16,C319251776,24008.6,0.0,C1461634841,25755252.41,25846907.56,0,0
324,CASH_OUT,133296.47,C815563926,62940.0,0.0,C1594951487,207778.7,341075.16,0,0
356,CASH_OUT,146805.27,C1268230697,0.0,0.0,C1359817643,945273.77,1092079.04,0,0
249,CASH_OUT,76945.44,C757513258,50236.0,0.0,C1299899536,4645191.92,4722137.37,0,0
159,CASH_OUT,288021.88,C1749284786,0.0,0.0,C1729984625,8403490.25,8691512.14,0,0
140,TRANSFER,333243.07,C1280520397,0.0,0.0,C1072931046,494520.89,894922.65,0,0
362,CASH_OUT,1139165.57,C1239977402,1139165.57,0.0,C1417680063,475952.02,1615117.6,1,0
469,CASH_OUT,123802.02,C787241038,1814.0,0.0,C467339034,2448135.82,2571937.84,0,0
399,CASH_OUT,111654.99,C1904144119,21020.0,0.0,C598804021,0.0,111654.99,0,0
594,CASH_OUT,545889.74,C467687452,0.0,0.0,C519772387,1231911.05,1777800.79,0,0
353,CASH_OUT,168626.59,C46915901,147.67,0.0,C1491627678,490916.6,659543.19,0,0
570,CASH_OUT,93574.0,C1542013354,0.0,0.0,C177084215,41860802.45,41954376.46,0,0
207,CASH_OUT,74701.23,C1617381409,0.0,0.0,C1402887833,307342.83,382044.06,0,0
226,CASH_OUT,51834.72,C1196929029,14534.0,0.0,C1654417675,1326096.22,1377930.94,0,0
8,CASH_OUT,44576.83,C1714551335,0.0,0.0,C820920634,532516.6,1419113.83,0,0
616,TRANSFER,1265656.44,C782995006,1265656.44,0.0,C1783458447,0.0,0.0,1,0
130,CASH_OUT,185131.45,C1879490623,0.0,0.0,C569740488,5791380.6,5976512.06,0,0
280,CASH_OUT,101855.16,C2138189648,0.0,0.0,C1894689089,4511327.55,4613182.7,0,0
399,CASH_OUT,141910.48,C147909169,0.0,0.0,C673917119,2046300.16,2188210.65,0,0
181,CASH_OUT,295422.24,C520271048,144256.0,0.0,C2086372398,0.0,295422.24,0,0
649,CASH_OUT,733119.42,C1931992336,733119.42,0.0,C2013008658,2751163.93,3484283.35,1,0
372,CASH_OUT,2923356.25,C1763502384,2923356.25,0.0,C2027686342,245463.38,3168819.64,1,0
351,CASH_OUT,114642.45,C677093090,0.0,0.0,C1223694488,194605.34,309247.78,0,0
322,TRANSFER,3401588.17,C1059697989,62351.0,0.0,C1487190336,0.0,3401588.17,0,0
137,TRANSFER,1254009.82,C1759710341,0.0,0.0,C1936193967,2280787.43,3534797.25,0,0
327,CASH_OUT,42019.56,C602155385,10301.0,0.0,C238140996,626690.81,668710.36,0,0
522,CASH_OUT,225769.37,C1649371990,0.0,0.0,C1410582486,9123176.94,9348946.31,0,0
163,TRANSFER,1137914.17,C476949733,116608.26,0.0,C1498391408,3586376.78,4724290.95,0,0
654,CASH_OUT,1290224.84,C303493343,1290224.84,0.0,C1404739013,0.0,1290224.84,1,0
43,CASH_OUT,72489.52,C357051480,0.0,0.0,C654001678,1361070.46,1433559.98,0,0
376,CASH_OUT,42298.19,C2015239112,0.0,0.0,C538527433,2261175.01,2303473.19,0,0
426,CASH_OUT,209750.76,C416891006,0.0,0.0,C801045461,2570871.31,2780622.08,0,0
135,TRANSFER,515645.16,C885687058,515645.16,0.0,C1873143762,0.0,0.0,1,0
281,CASH_OUT,150185.51,C1086170504,0.0,0.0,C389103388,654344.19,804529.7,0,0
301,TRANSFER,997103.57,C581822907,103331.0,0.0,C56892161,0.0,997103.57,0,0
254,CASH_OUT,13725.18,C232552324,0.0,0.0,C1630882045,136846.37,150571.56,0,0
563,TRANSFER,102371.12,C1876954807,102371.12,0.0,C345453750,0.0,0.0,1,0
206,CASH_OUT,94153.47,C2028012383,1025.0,0.0,C76304981,375317.08,469470.55,0,0
260,CASH_OUT,70883.82,C276548536,0.0,0.0,C824327287,121765.64,192649.46,0,0
613,TRANSFER,51589.87,C1467642521,51589.87,0.0,C147964877,0.0,0.0,1,0
328,CASH_OUT,89351.37,C1740319830,158347.0,68995.63,C605193691,440305.11,529656.48,0,0
362,CASH_OUT,182838.23,C692859409,0.0,0.0,C2092219663,211515.03,394353.27,0,0
190,TRANSFER,371154.02,C719961891,0.0,0.0,C1256930484,10441574.41,10812728.43,0,0
709,CASH_OUT,11684.76,C1438379288,19796.0,8111.24,C1527010860,421534.18,433218.94,0,0
37,TRANSFER,549649.55,C830169240,29215.0,0.0,C1261448483,572611.91,1151879.47,0,0
364,TRANSFER,3116889.41,C966152886,3116889.41,0.0,C588633149,0.0,0.0,1,0
185,TRANSFER,512736.24,C1309499221,120.0,0.0,C299609729,225526.84,738263.08,0,0
379,CASH_OUT,172091.64,C2116298410,16730.0,0.0,C236630451,0.0,172091.64,0,0
249,TRANSFER,90915.0,C1794988731,90915.0,0.0,C1111485677,0.0,0.0,1,0
252,CASH_OUT,78116.56,C1099407778,0.0,0.0,C81811735,142257.51,220374.07,0,0
302,CASH_OUT,413824.48,C1004718173,409.0,0.0,C125203354,2258033.13,2671857.62,0,0
20,TRANSFER,38649.62,C1411380270,113184.19,74534.57,C301504362,980226.26,1018875.88,0,0
134,TRANSFER,282187.49,C252944224,0.0,0.0,C283816282,4069272.59,4351460.08,0,0
300,TRANSFER,2180452.33,C401991380,1108.0,0.0,C1540925478,0.0,2180452.33,0,0
214,CASH_OUT,58750.11,C1719081412,0.0,0.0,C701599499,153837.25,212587.36,0,0
303,CASH_OUT,81603.54,C1712174910,3065.0,0.0,C88865971,0.0,81603.54,0,0
203,CASH_OUT,397272.11,C1222722915,0.0,0.0,C682402582,1379671.19,1776943.3,0,0
211,CASH_OUT,80370.9,C1501452728,10634.0,0.0,C2029456274,1077759.65,1158130.55,0,0
258,CASH_OUT,198803.63,C1303445485,0.0,0.0,C1626619518,3891619.56,4090423.2,0,0
206,CASH_OUT,10078.04,C208765362,0.0,0.0,C506520935,88341.14,98419.18,0,0
184,TRANSFER,32835.1,C1997718160,10776.0,0.0,C2106909142,0.0,32835.1,0,0
178,TRANSFER,2391369.61,C1424304897,314891.0,0.0,C1142158205,188259.4,2579629.01,0,0
286,CASH_OUT,63391.16,C1748606055,0.0,0.0,C1421928867,325477.14,388868.3,0,0
522,CASH_OUT,40365.46,C1631469243,0.0,0.0,C372312812,1410076.65,1450442.1,0,0
210,CASH_OUT,101255.63,C1230497818,121421.69,20166.07,C2047087693,1484147.25,1585402.88,0,0
370,CASH_OUT,25289.5,C1640797314,0.0,0.0,C268085822,265772.43,291061.93,0,0
202,CASH_OUT,113807.2,C1759798861,849.0,0.0,C1740191127,152840.99,266648.2,0,0
45,CASH_OUT,122709.75,C759977326,48758.0,0.0,C735544955,0.0,122709.75,0,0
188,CASH_OUT,171107.78,C1386157679,34851.36,0.0,C1091605909,191615.45,196038.66,0,0
17,CASH_OUT,91632.5,C2070385582,0.0,0.0,C1654512584,114791.0,206423.5,0,0
404,CASH_OUT,147335.06,C495104518,150724.24,3389.18,C451618961,299018.83,446353.88,0,0
8,CASH_OUT,174994.15,C1932678485,0.0,0.0,C801142660,16233485.97,16408480.12,0,0
333,CASH_OUT,10650.57,C999051014,0.0,0.0,C260034626,1479711.87,1490362.44,0,0
323,CASH_OUT,211499.86,C1061003974,20973.0,0.0,C1619348270,355350.65,566850.51,0,0
43,TRANSFER,239765.55,C1695051956,0.0,0.0,C908786355,478866.38,718631.93,0,0
260,CASH_OUT,133995.87,C1176435828,0.0,0.0,C1014699140,587007.0,565049.11,0,0
133,CASH_OUT,120219.83,C257718894,0.0,0.0,C1888207282,5221385.19,5341605.02,0,0
86,TRANSFER,72547.29,C759761137,72547.29,0.0,C1046167270,0.0,0.0,1,0
321,CASH_OUT,116935.53,C1397564063,13536.0,0.0,C380066466,3905144.38,4022079.91,0,0
531,CASH_OUT,13074.53,C1584841041,13074.53,0.0,C180700180,975600.51,988675.04,1,0
212,CASH_OUT,317201.97,C2047700516,0.0,0.0,C322718083,569834.11,887036.08,0,0
129,CASH_OUT,148126.11,C646486509,15482.0,0.0,C2017088621,2903745.83,3051871.94,0,0
187,CASH_OUT,61777.52,C1863720405,556050.0,494272.48,C568815462,2149397.98,2211175.5,0,0
357,CASH_OUT,28681.73,C398041952,0.0,0.0,C1077820006,3910308.99,3938990.71,0,0
298,CASH_OUT,241943.18,C654162579,25060.0,0.0,C1102048416,997910.47,1239853.65,0,0
375,CASH_OUT,385567.18,C1218834080,385567.18,0.0,C817408306,0.0,385567.18,1,0
274,CASH_OUT,240133.56,C888256009,16068.0,0.0,C427644641,5423607.97,5663741.53,0,0
259,CASH_OUT,56023.74,C16703420,0.0,0.0,C686930041,73111.48,129135.22,0,0
137,CASH_OUT,21283.01,C2044485213,40087.0,18803.99,C217987548,0.0,21283.01,0,0
234,TRANSFER,185381.13,C2030991331,117115.0,0.0,C1518275121,607101.45,792482.58,0,0
482,CASH_OUT,75659.33,C1659770923,75659.33,0.0,C381855260,850226.66,925885.99,1,0
141,TRANSFER,221054.97,C454202583,0.0,0.0,C874074910,1126682.07,1347737.04,0,0
253,CASH_OUT,18409.74,C358302604,59746.0,41336.26,C970673434,62893.56,81303.3,0,0
205,CASH_OUT,475315.61,C917675056,475315.61,0.0,C228772455,0.0,475315.61,1,0
348,CASH_OUT,227347.55,C611216561,0.0,0.0,C916795834,278377.0,357354.76,0,0
661,TRANSFER,10000000.0,C1058583308,12140888.35,2140888.35,C2061400193,0.0,0.0,1,0
301,CASH_OUT,368313.59,C735684736,2540.0,0.0,C1688274640,931742.86,1300056.45,0,0
212,CASH_OUT,17392.14,C1736778873,127614.0,110221.86,C260591517,0.0,17392.14,0,0
18,CASH_OUT,92461.62,C1597235593,195585.0,103123.38,C814260653,502191.43,594653.05,0,0
188,CASH_OUT,2265.32,C335674227,0.0,0.0,C1202505705,1345676.64,1347941.96,0,0
234,CASH_OUT,247016.2,C1880554248,80749.0,0.0,C1405822074,372341.1,306102.94,0,0
275,CASH_OUT,195133.41,C2004471225,16378.0,0.0,C194732352,0.0,392570.77,0,0
179,CASH_OUT,285030.75,C678071884,0.0,0.0,C599350419,1460680.52,1745711.27,0,0
15,CASH_OUT,110237.13,C165613145,63729.0,0.0,C490467898,86479.96,272503.03,0,0
236,TRANSFER,597184.26,C1362654195,0.0,0.0,C165300074,1563461.6,2160645.86,0,0
137,CASH_OUT,58906.29,C931719173,0.0,0.0,C1822935112,668398.31,727304.6,0,0
208,CASH_OUT,71313.82,C624866723,0.0,0.0,C1201014067,1205773.85,1277087.66,0,0
332,CASH_OUT,28567.92,C465240108,0.0,0.0,C10150504,54068.54,82636.45,0,0
207,CASH_OUT,388977.56,C1297390914,0.0,0.0,C875613383,951987.21,1340964.77,0,0
135,CASH_OUT,87562.41,C443352078,21815.0,0.0,C2000079803,0.0,87562.41,0,0
134,CASH_OUT,302991.46,C1468820030,0.0,0.0,C1312786541,642106.48,945097.94,0,0
209,CASH_OUT,162303.52,C167339523,112493.0,0.0,C965737035,0.0,162303.52,0,0
349,CASH_OUT,114786.27,C1176248927,207.0,0.0,C1067582169,0.0,114786.27,0,0
236,TRANSFER,1012098.88,C1543204818,0.0,0.0,C1126164906,2181884.85,3193983.73,0,0
10,TRANSFER,2689247.59,C577329064,21700.0,0.0,C1556875182,7971120.19,10400607.25,0,0
181,CASH_OUT,492232.22,C1559423650,6040.0,0.0,C1393533512,15080958.86,15573191.07,0,0
189,CASH_OUT,5876.54,C1868770051,54038.0,48161.46,C923887968,0.0,5876.54,0,0
353,TRANSFER,5393068.65,C332216056,42509.0,0.0,C609900383,0.0,5393068.65,0,0
329,CASH_OUT,247487.86,C18990443,16734.0,0.0,C963660714,684382.17,931870.03,0,0
305,CASH_OUT,154925.84,C1114943648,0.0,0.0,C300913748,1750140.87,1905066.71,0,0
187,CASH_OUT,79092.68,C2049545636,0.0,0.0,C1571521734,1702936.34,1782029.02,0,0
715,TRANSFER,8443528.7,C1776089845,8443528.7,0.0,C870079370,0.0,0.0,1,0
163,CASH_OUT,17280.46,C1827891360,0.0,0.0,C1115325947,120485.34,137765.8,0,0
589,CASH_OUT,167335.19,C1857606075,0.0,0.0,C1583706736,3650749.75,3818084.94,0,0
180,CASH_OUT,11167.38,C592804540,0.0,0.0,C100900622,1453326.78,1464494.17,0,0
249,CASH_OUT,64034.28,C1599505059,0.0,0.0,C1576328591,10998196.13,11062230.41,0,0
156,CASH_OUT,388523.56,C774064335,0.0,0.0,C1852320864,4170666.05,4559189.61,0,0
308,TRANSFER,1724648.28,C1182641905,401.0,0.0,C1414357239,289069.72,2013718.0,0,0
589,CASH_OUT,591606.78,C1710597509,0.0,0.0,C1552798823,1021037.54,1612644.31,0,0
273,CASH_OUT,103078.52,C1792169870,103078.52,0.0,C858355764,0.0,103078.52,1,0
212,CASH_OUT,57410.53,C964956880,359.0,0.0,C161262831,687678.66,745089.19,0,0
545,TRANSFER,585330.46,C377130541,19847.0,0.0,C1918159803,0.0,585330.46,0,0
380,CASH_OUT,152883.55,C1380359139,0.0,0.0,C1845843757,5064525.87,5217409.42,0,0
202,TRANSFER,226532.56,C397005039,3107.0,0.0,C757002315,0.0,226532.56,0,0
44,CASH_OUT,398021.28,C372654596,0.0,0.0,C335045941,1776092.58,2174113.86,0,0
12,CASH_OUT,218863.74,C467911764,473370.7,254506.95,C1044743847,686307.87,940016.71,0,0
38,CASH_OUT,185437.14,C1393991976,0.0,0.0,C1155838976,3284964.02,3470401.15,0,0
119,CASH_OUT,35199.5,C489246646,0.0,0.0,C1636297156,1806690.72,1841890.21,0,0
551,CASH_OUT,16607.27,C1542203808,0.0,0.0,C90263550,286545.45,303152.72,0,0
185,TRANSFER,24477.51,C656296798,0.0,0.0,C1003903713,111740.12,136217.63,0,0
402,CASH_OUT,95516.41,C1908430860,50146.0,0.0,C1802853820,0.0,95516.41,0,0
518,CASH_OUT,32901.77,C1219018899,343.0,0.0,C252503134,0.0,32901.77,0,0
138,TRANSFER,474146.94,C747148903,0.0,0.0,C198060765,2538062.29,3012209.22,0,0
305,TRANSFER,226047.88,C1055024942,0.0,0.0,C616263904,1030356.71,1256404.58,0,0
39,TRANSFER,181414.92,C1477313161,0.0,0.0,C168711450,267423.22,310425.27,0,0
231,TRANSFER,40703.11,C1371150015,0.0,0.0,C1364419858,478087.64,518790.75,0,0
278,CASH_OUT,44505.76,C1545128679,237125.0,192619.24,C200989476,5864094.51,5908600.28,0,0
728,CASH_OUT,3846781.01,C2109752289,3846781.01,0.0,C154510923,46052.98,3892833.98,1,0
601,CASH_OUT,510032.45,C2047291940,0.0,0.0,C1934506991,5663861.87,6173894.33,0,0
404,CASH_OUT,189908.73,C21208861,0.0,0.0,C874687193,1332244.07,1522152.8,0,0
283,CASH_OUT,31720.02,C1537546589,0.0,0.0,C975825974,195893.96,227613.98,0,0
10,CASH_OUT,22890.19,C1397049103,0.0,0.0,C1109959414,3795585.44,3818475.63,0,0
137,CASH_OUT,126187.06,C82764590,181.0,0.0,C1213532869,1656868.44,1783055.51,0,0
253,CASH_OUT,57249.25,C1372104530,10689.0,0.0,C1101169983,0.0,57249.25,0,0
209,TRANSFER,495568.03,C1473335302,51485.0,0.0,C2094072230,0.0,495568.03,0,0
36,CASH_OUT,90715.74,C1334039983,3443.0,0.0,C356373516,1694033.6,1784749.33,0,0
209,CASH_OUT,116985.16,C40116676,59475.0,0.0,C1449963550,164924.74,281909.9,0,0
210,CASH_OUT,6020.36,C198666034,9479.0,3458.64,C1481951925,0.0,6020.36,0,0
522,CASH_OUT,165663.61,C499822644,20685.0,0.0,C258202324,0.0,165663.61,0,0
12,TRANSFER,1392969.33,C270025153,5041.0,0.0,C1251108139,236819.64,2501302.98,0,0
377,CASH_OUT,213348.17,C1957189861,0.0,0.0,C561377574,1068226.18,1281574.35,0,0
213,TRANSFER,459911.47,C481108251,51893.0,0.0,C1600027410,655464.7,1115376.17,0,0
234,CASH_OUT,76256.0,C351610789,52420.0,0.0,C2130924641,0.0,76256.0,0,0
210,CASH_OUT,285081.12,C287378813,0.0,0.0,C1219100298,4189119.55,4474200.67,0,0
202,CASH_OUT,52419.88,C812670319,0.0,0.0,C99159948,356444.68,408864.56,0,0
129,TRANSFER,200592.63,C1262706828,112.0,0.0,C1590063902,0.0,200592.63,0,0
132,CASH_OUT,64842.69,C346649318,30350.0,0.0,C958023234,467093.99,531936.69,0,0
262,TRANSFER,68230.32,C1908083976,68230.32,0.0,C433026096,0.0,0.0,1,0
37,CASH_OUT,486153.9,C2038367029,125056.0,0.0,C1639505708,86826.52,572980.42,0,0
275,CASH_OUT,138909.61,C931283626,6012.0,0.0,C2107914442,0.0,138909.61,0,0
321,CASH_OUT,39794.77,C1936625273,323590.83,283796.06,C98149793,704127.95,743922.72,0,0
230,CASH_OUT,23535.41,C1671265051,13644.29,0.0,C2033982958,251291.37,274826.78,0,0
398,CASH_OUT,298179.74,C2119951890,0.0,0.0,C989474203,6520091.59,6818271.33,0,0
43,CASH_OUT,90318.67,C663824000,105198.0,14879.33,C1915599358,0.0,90318.67,0,0
10,CASH_OUT,124568.8,C475442317,33333.0,0.0,C1244031707,13119.7,275084.95,0,0
330,TRANSFER,994573.2,C254109104,134.0,0.0,C268546956,696770.03,1691343.22,0,0
284,CASH_OUT,195194.41,C1421160332,21330.0,0.0,C932220016,33554.41,228748.83,0,0
406,CASH_OUT,62596.35,C2067250297,0.0,0.0,C152102961,128171.61,190767.97,0,0
370,TRANSFER,165071.8,C613048689,0.0,0.0,C1888988569,226570.66,391642.46,0,0
42,CASH_OUT,229603.84,C1080672544,81700.0,0.0,C195656329,0.0,229603.84,0,0
201,CASH_OUT,166699.04,C301102566,0.0,0.0,C1248852125,2239185.48,2405884.52,0,0
161,CASH_OUT,237196.48,C772877667,0.0,0.0,C402359217,792956.72,1030153.2,0,0
310,CASH_OUT,355492.57,C1688381368,0.0,0.0,C1600506448,592699.23,948191.8,0,0
403,CASH_OUT,175944.6,C1364834969,0.0,0.0,C1130489750,1772121.58,1948066.18,0,0
203,CASH_OUT,500628.46,C1317902490,30916.0,0.0,C1898533269,0.0,500628.46,0,0
401,CASH_OUT,329304.75,C1520027577,0.0,0.0,C1516982456,1144570.91,1473875.67,0,0
163,CASH_OUT,34408.98,C672519362,0.0,0.0,C543925019,3060976.98,3095385.96,0,0
595,CASH_OUT,36163.39,C187075822,52640.0,16476.61,C2029331131,652329.29,688492.69,0,0
403,CASH_OUT,103803.46,C418530994,53576.0,0.0,C806720989,1519542.83,1623346.29,0,0
183,TRANSFER,20836.14,C793387120,320664.39,299828.25,C1822485051,1161756.94,1182593.08,0,0
184,CASH_OUT,193999.01,C769360374,692.0,0.0,C530946469,524028.32,718027.33,0,0
475,CASH_OUT,9511.69,C1550140499,9511.69,0.0,C119015629,745613.01,755124.7,1,0
398,CASH_OUT,150143.5,C116125162,46550.0,0.0,C716113954,2826416.99,2976560.49,0,0
156,CASH_OUT,208781.1,C429103335,0.0,0.0,C1980790526,1637190.74,1845971.84,0,0
205,TRANSFER,1637191.19,C477642008,0.0,0.0,C2081507231,1650633.71,3287824.9,0,0
281,CASH_OUT,83391.42,C1276616918,16286.0,0.0,C512171422,72442.39,155833.81,0,0
161,TRANSFER,387230.94,C1228493277,0.0,0.0,C203619457,5890314.71,6277545.65,0,0
370,CASH_OUT,119723.41,C645957201,0.0,0.0,C1499337492,2939121.31,3058844.72,0,0
370,CASH_OUT,185961.53,C1893582553,8507.0,0.0,C295773580,0.0,185961.53,0,0
185,TRANSFER,71030.7,C1958028634,60767.0,0.0,C1798521425,551807.46,622838.16,0,0
235,CASH_OUT,189837.37,C1984006688,428.0,0.0,C2014969709,1224.75,191062.12,0,0
282,TRANSFER,111915.32,C1618040212,0.0,0.0,C248687235,2048929.05,2160844.37,0,0
637,TRANSFER,6862348.38,C54310714,0.0,0.0,C1004834429,10639841.49,17502189.86,0,0
379,CASH_OUT,194109.79,C212770523,0.0,0.0,C839634755,209050.57,502344.63,0,0
331,CASH_OUT,119005.69,C1145741500,105.0,0.0,C1388642102,90785.08,209790.77,0,0
284,CASH_OUT,142996.45,C1835851519,41114.0,0.0,C1789674494,181001.84,323998.29,0,0
138,CASH_OUT,145970.36,C156887155,33083.0,0.0,C274669578,26434.6,172404.96,0,0
43,CASH_OUT,111491.75,C1403351002,90999.0,0.0,C1311895430,0.0,111491.75,0,0
502,TRANSFER,91669.99,C1502610828,11878.0,0.0,C1640614346,0.0,91669.99,0,0
177,CASH_OUT,129645.07,C1287685058,0.0,0.0,C1967923026,517091.81,646736.88,0,0
307,CASH_OUT,168484.7,C64987780,14977.0,0.0,C1539112046,81776.1,250260.8,0,0
188,CASH_OUT,402488.84,C1224253767,0.0,0.0,C368126079,572012.93,974501.77,0,0
236,CASH_OUT,20086.44,C826557100,0.0,0.0,C751767896,323791.6,343878.05,0,0
588,TRANSFER,13421.28,C380770269,13421.28,0.0,C1627516531,0.0,0.0,1,0
158,CASH_OUT,209356.54,C2121495296,37899.0,0.0,C1648663762,0.0,209356.54,0,0
402,CASH_OUT,102418.25,C1346169223,25.0,0.0,C338242806,1209123.93,1311542.18,0,0
332,TRANSFER,892407.59,C1181118248,0.0,0.0,C1877266199,12448485.9,13340893.48,0,0
542,CASH_OUT,203701.92,C1526181182,179.0,0.0,C1856836326,175914.13,379616.06,0,0
330,TRANSFER,599416.06,C1752462151,16763.0,0.0,C1884909878,0.0,599416.06,0,0
42,CASH_OUT,41667.33,C1769811200,59473.0,17805.67,C1047329702,2458114.23,2499781.55,0,0
355,CASH_OUT,129932.9,C398013774,0.0,0.0,C1554413884,278326.42,408259.32,0,0
256,CASH_OUT,253866.08,C447820233,6089.0,0.0,C245318410,0.0,253866.08,0,0
544,TRANSFER,7304.27,C1716396953,0.0,0.0,C1566533902,1692884.48,1700188.76,0,0
252,CASH_OUT,60877.9,C1356267280,0.0,0.0,C194302894,15854412.34,15915290.25,0,0
399,CASH_OUT,362679.92,C1810959988,0.0,0.0,C247450180,976924.65,1339604.57,0,0
239,CASH_OUT,63944.13,C963749685,63944.13,0.0,C816242963,3034987.39,3098931.52,1,0
405,TRANSFER,70382.18,C809677827,70382.18,0.0,C87092424,0.0,0.0,1,0
155,TRANSFER,756694.95,C1409290328,15055.87,0.0,C630500840,972548.0,1729242.95,0,0
400,CASH_OUT,145507.54,C406198784,51072.0,0.0,C2135136410,0.0,145507.54,0,0
403,CASH_OUT,149927.35,C1688154392,14578.0,0.0,C1639823768,0.0,149927.35,0,0
397,CASH_OUT,47425.41,C1382200580,164879.0,117453.59,C1084626923,9684195.27,9731620.68,0,0
359,TRANSFER,281657.97,C268544558,0.0,0.0,C1675908523,3871357.13,4153015.1,0,0
212,TRANSFER,700187.28,C1049162310,24159.0,0.0,C368446493,0.0,700187.28,0,0
8,TRANSFER,872306.91,C88636010,0.0,0.0,C1615804266,3517034.36,4512194.13,0,0
10,TRANSFER,214865.24,C1294442092,0.0,0.0,C126129101,3051359.2,2927150.64,0,0
275,CASH_OUT,10243.52,C933735331,76171.0,65927.48,C854470679,514638.59,524882.11,0,0
204,CASH_OUT,72532.72,C692492677,0.0,0.0,C1528784530,214540.09,287072.8,0,0
230,CASH_OUT,1412.29,C2040444374,111348.0,109935.71,C947021878,157945.64,159357.93,0,0
330,TRANSFER,311234.21,C1892906641,20207.0,0.0,C899839861,24120530.99,24431765.2,0,0
16,CASH_OUT,84952.59,C1520503647,20289.0,0.0,C1166619213,356174.18,441126.77,0,0
379,CASH_OUT,130397.98,C711879138,0.0,0.0,C30770683,9022440.46,9152838.45,0,0
160,CASH_OUT,7114.19,C395996038,0.0,0.0,C1087355695,2428867.88,2435982.07,0,0
35,CASH_OUT,227623.56,C2135875740,0.0,0.0,C1420579713,273177.73,553164.91,0,0
9,CASH_OUT,105824.6,C280963561,20999.0,0.0,C1725694877,0.0,238340.21,0,0
355,CASH_OUT,45838.78,C303353931,0.0,0.0,C782828476,53962.37,99801.15,0,0
207,TRANSFER,1124639.02,C626805441,0.0,0.0,C1118584540,3511750.74,4636389.77,0,0
229,CASH_OUT,397413.05,C411691107,5170.0,0.0,C98116369,2756032.56,3950248.86,0,0
345,CASH_OUT,68811.5,C830954102,51835.0,0.0,C1317710377,2443869.25,2512680.75,0,0
303,CASH_OUT,173059.33,C1996855904,0.0,0.0,C354722733,1065347.79,1238407.11,0,0
227,TRANSFER,592515.8,C925174586,0.0,0.0,C1104079233,749611.61,1342127.41,0,0
380,CASH_OUT,350679.24,C386570832,11979.0,0.0,C560376592,0.0,350679.24,0,0
255,CASH_OUT,285301.61,C1092171431,0.0,0.0,C9142450,2786487.31,3071788.93,0,0
212,CASH_OUT,122612.41,C676456348,0.0,0.0,C560492908,154298.14,276910.55,0,0
453,CASH_OUT,553328.24,C964493655,553328.24,0.0,C471673536,0.0,553328.24,1,0
155,CASH_OUT,252616.46,C1132167264,30748.0,0.0,C795048209,490985.93,1150105.95,0,0
225,TRANSFER,250198.24,C1601020886,0.0,0.0,C464172363,572058.35,822256.59,0,0
393,CASH_OUT,176447.77,C1175092887,0.0,0.0,C1828214340,797096.21,973543.97,0,0
398,CASH_OUT,311625.45,C882038511,50253.0,0.0,C1166810295,360390.73,672016.18,0,0
212,CASH_OUT,1445.18,C1555180852,0.0,0.0,C271889840,646044.15,647489.34,0,0
383,CASH_OUT,10609.68,C1542489592,0.0,0.0,C733133843,608911.66,619521.35,0,0
330,CASH_OUT,118081.1,C505338196,0.0,0.0,C649052964,534340.45,652421.55,0,0
34,CASH_OUT,315516.33,C2118412914,32365.0,0.0,C630941760,0.0,315516.33,0,0
7,TRANSFER,819668.37,C910091281,0.0,0.0,C1674899618,6518936.04,10006403.16,0,0
307,CASH_OUT,697514.39,C1382312503,0.0,0.0,C1715795933,788801.56,1486315.95,0,0
191,CASH_OUT,132294.93,C1830094235,132294.93,0.0,C178892179,640652.41,772947.34,1,0
159,TRANSFER,790714.02,C412466155,35589.0,0.0,C436770807,175618.21,966332.23,0,0
258,CASH_OUT,123701.14,C1267808968,0.0,0.0,C1157899259,141202.14,264903.27,0,0
393,CASH_OUT,134132.81,C1460926216,0.0,0.0,C2040907582,1267218.63,1401351.44,0,0
19,CASH_OUT,99528.9,C1202140456,0.0,0.0,C587978319,403407.51,502936.41,0,0
22,CASH_OUT,156207.13,C301845032,760.0,0.0,C216536748,0.0,156207.13,0,0
686,CASH_OUT,108369.08,C513361251,144513.0,36143.92,C1337098252,0.0,108369.08,0,0
185,CASH_OUT,98305.74,C940399707,39493.0,0.0,C799943560,401532.35,499838.09,0,0
169,CASH_OUT,19244.9,C1410307167,19244.9,0.0,C941219258,264512.88,283757.78,1,0
119,CASH_OUT,22531.38,C908467632,69571.0,47039.62,C1827728869,0.0,22531.38,0,0
225,CASH_OUT,178472.24,C1843999695,0.0,0.0,C620335151,248760.09,427232.32,0,0
571,CASH_OUT,163010.83,C1726800975,0.0,0.0,C1771469594,14932991.54,15096002.37,0,0
307,CASH_OUT,32230.33,C1257600737,0.0,0.0,C1239986601,179725.76,211956.09,0,0
121,CASH_OUT,182595.14,C1654995667,42044.0,0.0,C452448394,1859080.4,2041675.53,0,0
330,CASH_OUT,139440.88,C1366338970,61.0,0.0,C1042461718,605780.04,745220.91,0,0
160,CASH_OUT,31509.28,C1179190151,0.0,0.0,C1582877577,289722.37,321231.65,0,0
260,CASH_OUT,6058.94,C1610645230,42604.0,36545.06,C1990005084,368151.2,374210.14,0,0
138,CASH_OUT,76243.78,C2088293376,29717.91,0.0,C1443989291,3158596.43,3234840.21,0,0
357,CASH_OUT,108701.56,C1791143668,0.0,0.0,C812226578,130930.97,239632.53,0,0
279,TRANSFER,49172.19,C1779052608,98015.59,48843.41,C1452970690,268620.58,317792.76,0,0
395,CASH_OUT,4008.26,C1633990140,0.0,0.0,C377080289,2882013.89,2886022.15,0,0
186,CASH_OUT,90458.98,C1687697006,106296.0,15837.02,C1504188371,767198.84,857657.82,0,0
324,CASH_OUT,40025.43,C539729395,40349.0,323.57,C917084885,36054.44,76079.87,0,0
514,CASH_OUT,379132.63,C1089971046,94547.0,0.0,C520506639,9604261.46,9983394.09,0,0
226,CASH_OUT,240028.94,C619482657,96751.0,0.0,C1435802203,244548.72,484577.65,0,0
15,CASH_OUT,170627.7,C32360564,1494.0,0.0,C925574515,85054.2,255681.9,0,0
346,CASH_OUT,362231.16,C1161326106,0.0,0.0,C2005501010,654491.73,1016722.88,0,0
572,CASH_OUT,340665.18,C1350659055,340665.18,0.0,C2055659976,422032.78,762697.96,1,0
233,CASH_OUT,508974.33,C1705218599,12442.93,0.0,C1649676922,561286.46,1070260.79,0,0
237,CASH_OUT,107935.27,C1968565068,0.0,0.0,C44471620,307841.49,415776.75,0,0
135,CASH_OUT,338472.91,C1929520511,27512.0,0.0,C1414924378,0.0,338472.91,0,0
187,CASH_OUT,19767.01,C1992646580,915750.0,895982.99,C716486315,0.0,19767.01,0,0
308,CASH_OUT,344473.47,C966218376,0.0,0.0,C389656138,651800.88,996274.35,0,0
330,TRANSFER,90318.22,C572859460,585284.0,494965.78,C1401757021,1831766.74,1922084.96,0,0
253,CASH_OUT,12217.84,C452755181,78.0,0.0,C705953445,112381.2,124599.04,0,0
378,CASH_OUT,192815.77,C1577306168,192815.77,0.0,C353651788,0.0,192815.77,1,0
540,CASH_OUT,284089.97,C1175688914,0.0,0.0,C181891376,815901.44,1099991.4,0,0
14,CASH_OUT,166406.68,C2060178353,0.0,0.0,C1574497454,443461.28,70377.69,0,0
688,CASH_OUT,274258.07,C760795135,20028.0,0.0,C121793340,0.0,274258.07,0,0
209,CASH_OUT,329693.44,C1703664631,0.0,0.0,C280080647,1033783.29,1363476.73,0,0
306,CASH_OUT,239495.12,C1893784537,27867.0,0.0,C86560560,0.0,239495.12,0,0
300,TRANSFER,185320.2,C1319445410,52763.0,0.0,C659096301,148148.61,333468.82,0,0
135,CASH_OUT,5025.96,C1525961923,0.0,0.0,C221460569,47007.79,350107.57,0,0
41,CASH_OUT,108478.16,C680336535,105272.0,0.0,C1480054378,0.0,108478.16,0,0
228,CASH_OUT,391980.26,C1358140060,22161.0,0.0,C214080193,92363.01,484343.27,0,0
332,CASH_OUT,15454.41,C181056293,0.0,0.0,C498112747,6716856.01,6732310.42,0,0
422,TRANSFER,1857935.57,C707980152,1857935.57,0.0,C510333855,0.0,0.0,1,0
189,CASH_OUT,1280.45,C1138598840,0.0,0.0,C1293626182,272090.81,273371.26,0,0
374,CASH_OUT,69386.98,C1586169803,152.0,0.0,C453923915,708561.26,777948.24,0,0
19,CASH_OUT,51080.29,C909552823,0.0,0.0,C1317067915,1199872.37,1166498.59,0,0
300,TRANSFER,545677.55,C1485872841,31953.0,0.0,C352146320,992496.0,1538173.56,0,0
519,TRANSFER,1049424.26,C448865084,1049424.26,0.0,C154141586,0.0,0.0,1,0
643,CASH_OUT,4222595.06,C4856718,4222595.06,0.0,C488060391,0.0,4222595.06,1,0
41,TRANSFER,75558.93,C957495612,0.0,0.0,C695406763,692327.5,767886.43,0,0
514,CASH_OUT,144150.65,C114789615,50930.0,0.0,C1396409089,4295904.89,4440055.55,0,0
252,CASH_OUT,124421.59,C1911467980,185487.0,61065.41,C2031423851,116668.48,241090.07,0,0
405,CASH_OUT,211520.91,C1760488202,1145.0,0.0,C1005819831,1332046.32,1543567.23,0,0
305,TRANSFER,385020.08,C1828505687,0.0,0.0,C1776916945,3038241.03,3423261.1,0,0
229,CASH_OUT,472992.88,C1845701871,12173.0,0.0,C2084251234,52493.31,525486.18,0,0
33,CASH_OUT,131840.26,C714829485,3634.0,0.0,C131181063,0.0,131840.26,0,0
404,CASH_OUT,49056.03,C363453369,11010.0,0.0,C1035480021,306906.25,355962.29,0,0
231,CASH_OUT,52991.79,C1549775233,12054.0,0.0,C1357423096,414339.79,467331.59,0,0
712,TRANSFER,16514.64,C1427122202,16514.64,0.0,C420183005,0.0,0.0,1,0
206,CASH_OUT,120299.79,C1778135266,0.0,0.0,C261440435,1826077.72,1946377.51,0,0
160,CASH_OUT,210670.71,C328674264,0.0,0.0,C654641930,5356518.89,5567189.6,0,0
306,CASH_OUT,131227.37,C1400513590,0.0,0.0,C1308320714,1375063.86,1506291.23,0,0
139,CASH_OUT,241770.68,C212864431,0.0,0.0,C570658888,567060.77,808831.45,0,0
303,CASH_OUT,115153.71,C532958907,0.0,0.0,C1620976862,1146880.97,1262034.69,0,0
259,CASH_OUT,98020.08,C593762755,63887.0,0.0,C443507044,567680.68,665700.76,0,0
355,CASH_OUT,114000.97,C1030712750,503.0,0.0,C1401462484,0.0,114000.97,0,0
167,TRANSFER,281343.75,C1333250587,0.0,0.0,C2112017516,2594665.12,2876008.87,0,0
160,TRANSFER,287269.24,C1080152520,90949.47,0.0,C1285755485,876844.79,886393.31,0,0
34,CASH_OUT,190429.09,C1322143406,0.0,0.0,C470274632,2764427.23,2954856.33,0,0
16,CASH_OUT,188738.93,C1806010790,0.0,0.0,C1427068633,1224167.4,1480451.53,0,0
259,CASH_OUT,60230.93,C1880246452,60869.0,638.07,C1623779349,0.0,60230.93,0,0
579,TRANSFER,3085336.66,C162812306,3085336.66,0.0,C2127407367,0.0,0.0,1,0
154,CASH_OUT,88269.44,C996870602,0.0,0.0,C1131572187,948261.76,1036531.2,0,0
573,CASH_OUT,96967.86,C587114269,0.0,0.0,C252102317,145445.55,242413.41,0,0
204,CASH_OUT,188781.12,C1673868358,52120.0,0.0,C1632677278,0.0,188781.12,0,0
307,TRANSFER,362097.12,C596194280,0.0,0.0,C1314244850,1439553.43,1801650.55,0,0
349,TRANSFER,1784547.43,C1862774656,0.0,0.0,C449342908,41820600.03,43826459.35,0,0
132,CASH_OUT,120607.9,C1655535257,21341.0,0.0,C207784811,0.0,120607.9,0,0
47,TRANSFER,1395478.16,C324530074,0.0,0.0,C985537694,1833373.6,3228851.75,0,0
300,CASH_OUT,640334.32,C520479494,19430.0,0.0,C783846954,100059.78,740394.1,0,0
131,CASH_OUT,356201.96,C1475277086,12399.0,0.0,C163316681,0.0,356201.96,0,0
235,CASH_OUT,134200.11,C797640686,0.0,0.0,C1368925571,892835.82,1027035.93,0,0
8,CASH_OUT,199733.58,C1083225715,0.0,0.0,C2086425573,594494.6,0.0,0,0
586,CASH_OUT,2581549.92,C648614053,2581549.92,0.0,C213455810,0.0,2581549.92,1,0
235,CASH_OUT,129290.33,C1987685116,0.0,0.0,C470975598,924492.97,1053783.3,0,0
253,CASH_OUT,43053.7,C1699006455,39290.0,0.0,C1542534326,6411781.95,6454835.66,0,0
353,TRANSFER,296595.26,C1053078152,0.0,0.0,C1895107642,1109588.14,1406183.39,0,0
660,CASH_OUT,51725.86,C659685895,51725.86,0.0,C846863842,31743.54,83469.4,1,0
15,CASH_OUT,449153.2,C1576838879,64248.0,0.0,C404775810,60373.58,509526.78,0,0
206,TRANSFER,538564.87,C1950066760,3087.0,0.0,C1683099061,49836.67,588401.54,0,0
404,CASH_OUT,165046.37,C1559714679,0.0,0.0,C391026807,526971.59,692017.96,0,0
380,CASH_OUT,47128.85,C777727112,0.0,0.0,C1666837753,976543.7,1023672.55,0,0
137,CASH_OUT,570603.84,C1759024660,0.0,0.0,C529632678,4350348.8,4920952.64,0,0
589,TRANSFER,164296.85,C1886638002,164296.85,0.0,C1463059091,0.0,0.0,1,0
187,TRANSFER,1517605.55,C586618268,0.0,0.0,C1361455499,2294567.09,3812172.64,0,0
347,CASH_OUT,91032.03,C585777078,3402.0,0.0,C1871342875,962700.05,1053732.08,0,0
402,CASH_OUT,30083.73,C445526753,170747.0,140663.27,C1965301399,3295534.97,3325618.7,0,0
210,CASH_OUT,158497.33,C56061933,1081.0,0.0,C428708613,62377.26,220874.58,0,0
41,TRANSFER,339651.73,C1770876515,10517.0,0.0,C316226246,0.0,339651.73,0,0
373,CASH_OUT,501870.59,C252463097,0.0,0.0,C1965049527,2673682.74,3175553.33,0,0
207,CASH_OUT,66764.69,C1479780776,0.0,0.0,C788727214,2580437.23,2647201.91,0,0
138,TRANSFER,303432.45,C13476489,303432.45,0.0,C267641579,0.0,0.0,1,0
522,CASH_OUT,20773.91,C2141699087,0.0,0.0,C1953645983,156318.03,177091.94,0,0
37,CASH_OUT,381256.53,C26353199,21254.0,0.0,C340728105,2740.98,383997.51,0,0
351,CASH_OUT,102991.71,C1832919686,0.0,0.0,C1101664326,388696.53,491688.24,0,0
307,CASH_OUT,651262.59,C1183864773,0.0,0.0,C2011524094,4711266.39,5362528.98,0,0
181,CASH_OUT,115197.86,C1520999191,31363.0,0.0,C106283163,3169928.65,3285126.5,0,0
204,CASH_OUT,61195.99,C1784124504,82122.0,20926.01,C954338878,3953293.55,4014489.53,0,0
406,CASH_OUT,152679.65,C317765661,0.0,0.0,C906336798,2396341.51,2549021.16,0,0
284,CASH_OUT,102831.4,C879534042,12578.0,0.0,C12316027,2595557.66,2698389.07,0,0
71,CASH_OUT,91691.75,C1841119507,91691.75,0.0,C1966998418,329117.96,420809.71,1,0
130,CASH_OUT,221571.13,C1063089832,20748.0,0.0,C1470059343,10287.27,231858.4,0,0
327,TRANSFER,1534834.97,C979478659,0.0,0.0,C1366672748,12679287.28,14214122.25,0,0
371,CASH_OUT,46815.42,C748760035,0.0,0.0,C1723104030,358565.65,405381.06,0,0
727,TRANSFER,263401.81,C806437930,263401.81,0.0,C1469754483,0.0,0.0,1,0
280,CASH_OUT,122509.14,C485390050,3324.0,0.0,C71067672,401454.21,523963.34,0,0
670,CASH_OUT,166863.96,C548396352,0.0,0.0,C986741798,291606.8,458470.76,0,0
260,CASH_OUT,81468.31,C1735941083,11551.3,0.0,C1207049471,580671.93,662140.24,0,0
20,TRANSFER,1236762.8,C877797000,51529.0,0.0,C593012303,56257.77,1293020.57,0,0
518,TRANSFER,2871388.75,C1300894183,372991.35,0.0,C1740417324,4600775.14,7472163.89,0,0
347,TRANSFER,3212452.93,C1770293769,0.0,0.0,C749254437,5563625.67,8776078.6,0,0
188,CASH_OUT,251068.42,C58940154,0.0,0.0,C1548105651,744692.2,995760.62,0,0
396,CASH_OUT,114874.07,C991389830,1096.0,0.0,C30585538,57468.73,172342.8,0,0
259,CASH_OUT,57992.57,C634649551,0.0,0.0,C994536338,30596991.7,30654984.27,0,0
396,CASH_OUT,329268.68,C986540195,42152.0,0.0,C322063247,8005934.56,8335203.24,0,0
399,CASH_OUT,48390.63,C506854692,0.0,0.0,C2026412322,3025940.65,3074331.28,0,0
619,TRANSFER,347893.16,C1743279167,347893.16,0.0,C538795916,0.0,0.0,1,0
188,CASH_OUT,34448.2,C923200287,141456.0,107007.8,C320986193,181589.36,216037.56,0,0
42,TRANSFER,545509.59,C713455061,713971.09,168461.5,C1744282286,999155.51,1544665.1,0,0
14,CASH_OUT,281379.78,C786466984,50330.0,0.0,C1325083424,0.0,281379.78,0,0
308,CASH_OUT,46503.94,C467984803,0.0,0.0,C1843005833,539911.54,586415.48,0,0
377,CASH_OUT,210430.06,C1985606371,121781.0,0.0,C16449835,12995.49,223425.55,0,0
156,CASH_OUT,243163.8,C312660344,0.0,0.0,C2110883591,404900.88,648064.68,0,0
719,TRANSFER,67299.57,C645678075,67299.57,0.0,C1753733624,0.0,0.0,1,0
260,CASH_OUT,109039.64,C916241411,0.0,0.0,C1968031190,217086.18,326125.81,0,0
186,CASH_OUT,93335.72,C623520292,0.0,0.0,C1347319007,395597.2,488932.92,0,0
192,TRANSFER,558004.24,C1951283941,49477.85,0.0,C683356339,701788.46,1259792.7,0,0
354,CASH_OUT,108524.15,C162968540,200131.0,91606.85,C1936147955,565182.93,673707.08,0,0
308,CASH_OUT,152073.24,C1770843052,10086.42,0.0,C780675253,5734073.97,5886147.21,0,0
9,TRANSFER,1347123.21,C306989159,0.0,0.0,C580431625,1890712.03,4664577.02,0,0
403,CASH_OUT,180883.97,C262868955,108842.0,0.0,C1392585315,1558810.2,1739694.17,0,0
235,TRANSFER,13258.31,C755011754,0.0,0.0,C1468371970,111752.85,125011.16,0,0
235,TRANSFER,771257.99,C945370079,30077.0,0.0,C933418781,3850130.39,4621388.38,0,0
186,TRANSFER,1039417.95,C743984085,0.0,0.0,C165482951,1440919.14,2480337.09,0,0
379,CASH_OUT,216501.99,C1773045803,0.0,0.0,C1106427151,949687.19,1166189.18,0,0
400,CASH_OUT,101556.14,C1355237838,21802.0,0.0,C1810489338,59778.28,161334.42,0,0
118,CASH_OUT,3794763.63,C1592208539,3794763.63,0.0,C416664710,250142.64,4044906.27,1,0
45,TRANSFER,873670.52,C1879598263,0.0,0.0,C948703823,1190148.38,2063818.9,0,0
345,CASH_OUT,302711.68,C1288019843,5017.0,0.0,C321005713,54321.87,357033.56,0,0
254,CASH_OUT,604040.55,C1244157881,82353.0,0.0,C247707393,349708.29,953748.85,0,0
522,CASH_OUT,19739.17,C1758964884,0.0,0.0,C1875271992,184797.1,204536.27,0,0
379,CASH_OUT,66422.23,C126643187,0.0,0.0,C960374973,2450162.52,2516584.75,0,0
154,TRANSFER,43306.63,C68056856,0.0,0.0,C379758153,350393.35,393699.98,0,0
227,CASH_OUT,161505.2,C1476832562,0.0,0.0,C262518837,752186.32,913691.52,0,0
237,CASH_OUT,344071.59,C290893773,0.0,0.0,C1131965594,760438.87,1104510.46,0,0
250,CASH_OUT,455765.22,C300853923,0.0,0.0,C16720183,3475617.3,3931382.51,0,0
129,CASH_OUT,6171.1,C915831891,0.0,0.0,C371216021,1116044.69,1301504.13,0,0
183,TRANSFER,645108.69,C229353671,118703.0,0.0,C724818994,21994.25,667102.95,0,0
135,TRANSFER,889977.84,C1998717192,201552.0,0.0,C962400434,3528126.88,4418104.71,0,0
279,CASH_OUT,235377.75,C477093550,21216.0,0.0,C2114651240,643538.65,878916.4,0,0
546,TRANSFER,326958.01,C1859478919,14467.0,0.0,C126007087,0.0,326958.01,0,0
404,CASH_OUT,80986.25,C851381295,0.0,0.0,C489020082,1433733.18,1514719.43,0,0
374,CASH_OUT,6912.53,C340130996,0.0,0.0,C16049401,407671.31,414583.84,0,0
399,TRANSFER,323948.7,C1185337180,0.0,0.0,C1547229426,16712845.85,17036794.55,0,0
276,CASH_OUT,317088.26,C1460868306,6057.0,0.0,C1062136264,0.0,317088.26,0,0
139,CASH_OUT,9115.22,C461911150,0.0,0.0,C469777740,1105338.11,1114453.32,0,0
9,CASH_OUT,296973.49,C710735306,7038.0,0.0,C1820528317,0.0,287925.09,0,0
5,CASH_OUT,120074.73,C1174000532,120074.73,0.0,C410033330,0.0,120074.73,1,0
308,TRANSFER,647066.53,C1583195271,72915.0,0.0,C529820388,0.0,647066.53,0,0
352,CASH_OUT,253183.7,C962950010,60632.0,0.0,C795893579,0.0,253183.7,0,0
348,CASH_OUT,264270.56,C1801442380,20893.0,0.0,C1073392610,0.0,264270.56,0,0
188,CASH_OUT,50745.74,C204533075,0.0,0.0,C579190309,344230.53,394976.27,0,0
303,TRANSFER,10000000.0,C1045409609,15614246.07,5614246.07,C399450397,0.0,0.0,1,0
345,CASH_OUT,115393.49,C67429454,0.0,0.0,C1297861703,2577001.01,2692394.5,0,0
372,CASH_OUT,1781.48,C1174217595,0.0,0.0,C623306649,99525.76,101307.23,0,0
297,CASH_OUT,178047.83,C954180411,106633.0,0.0,C384822287,1345404.79,1523452.62,0,0
38,CASH_OUT,64814.54,C134424788,289.0,0.0,C1092417574,1177164.23,1241978.77,0,0
133,CASH_OUT,218844.93,C1772698575,0.0,0.0,C1705600390,515330.94,734175.88,0,0
394,CASH_OUT,218502.1,C1559218793,451122.82,232620.73,C769557816,244699.28,463201.38,0,0
9,CASH_OUT,186628.2,C589547142,957.0,0.0,C1847835159,31116.74,546559.53,0,0
358,TRANSFER,368520.02,C87062533,6310.64,0.0,C1594788396,3596800.83,3965320.85,0,0
227,CASH_OUT,160092.08,C958069415,24210.0,0.0,C2053451902,0.0,160092.08,0,0
18,CASH_OUT,136291.63,C1815271322,0.0,0.0,C157627543,2645278.96,2781570.59,0,0
181,CASH_OUT,232676.5,C881559887,4313.0,0.0,C571850401,0.0,232676.5,0,0
34,CASH_OUT,473979.16,C871230333,32571.0,0.0,C801726778,0.0,677816.81,0,0
208,CASH_OUT,131078.78,C1345290731,0.0,0.0,C2065215348,1061997.98,1193076.76,0,0
355,CASH_OUT,201385.52,C603235416,0.0,0.0,C1453584220,556626.23,758011.75,0,0
334,TRANSFER,24417.37,C1006968485,19746.0,0.0,C1289105212,1014622.6,1039039.96,0,0
373,CASH_OUT,34902.98,C1680808730,110119.0,75216.02,C1993565632,1551369.28,1586272.27,0,0
12,CASH_OUT,222681.65,C71551762,62255.0,0.0,C1646561071,106449.58,329131.23,0,0
347,TRANSFER,23337.95,C1637054723,41921.0,18583.05,C1760447795,0.0,23337.95,0,0
133,CASH_OUT,485565.88,C1851805737,405775.72,0.0,C864946957,2364555.3,2850121.17,0,0
525,CASH_OUT,5418.1,C1743127013,27957.78,22539.69,C262409213,3036114.9,3041533.0,0,0
397,CASH_OUT,98993.66,C633739138,0.0,0.0,C2031481464,7017845.01,7276414.28,0,0
280,CASH_OUT,117049.75,C93612536,0.0,0.0,C577453532,124965.4,242015.15,0,0
730,TRANSFER,1665334.68,C1901678626,1665334.68,0.0,C223228023,0.0,0.0,1,0
522,CASH_OUT,39878.57,C1782361896,0.0,0.0,C2022171255,772716.53,812595.1,0,0
208,CASH_OUT,301061.23,C842110031,169203.0,0.0,C1132855547,755835.53,1056896.76,0,0
156,CASH_OUT,367169.32,C1016962291,0.0,0.0,C724266997,774986.27,1142155.59,0,0
329,CASH_OUT,6672.1,C1445332390,171.0,0.0,C172915549,0.0,6672.1,0,0
688,CASH_OUT,132426.08,C150176580,0.0,0.0,C507170178,138962.24,271388.32,0,0
322,CASH_OUT,25289.19,C1413999891,20944.0,0.0,C1051226235,681945.49,707234.67,0,0
346,CASH_OUT,326161.53,C377573599,0.0,0.0,C1655682890,367306.89,693468.42,0,0
277,CASH_OUT,11308.06,C1150291988,7530.0,0.0,C431051496,2299641.14,2310949.2,0,0
409,TRANSFER,71921.7,C889125918,71921.7,0.0,C1091824995,0.0,0.0,1,0
590,TRANSFER,179725.06,C916884733,179725.06,0.0,C829501774,0.0,0.0,1,0
284,TRANSFER,172613.21,C1798535135,0.0,0.0,C136830695,642866.23,815479.44,0,0
396,CASH_OUT,44038.42,C504214256,0.0,0.0,C76810425,57959.13,101997.55,0,0
133,TRANSFER,32597.39,C1259853322,649.0,0.0,C1475721492,413806.67,446404.06,0,0
12,CASH_OUT,318223.98,C1369722356,107964.0,0.0,C1106744673,6664196.03,6954138.9,0,0
576,CASH_OUT,1322277.84,C1585759405,1322277.84,0.0,C1855735331,0.0,1322277.84,1,0
347,TRANSFER,436856.27,C1209175865,31099.0,0.0,C1109086723,394985.79,831842.06,0,0
180,CASH_OUT,143160.66,C1874231461,0.0,0.0,C459206494,220368.84,363529.5,0,0
236,CASH_OUT,86224.07,C327798434,0.0,0.0,C1063689595,819250.91,905474.98,0,0
135,TRANSFER,356630.09,C451502742,0.0,0.0,C1793917038,433537.49,790167.58,0,0
10,TRANSFER,148894.16,C955290156,0.0,0.0,C2084033547,656604.01,1181371.06,0,0
187,CASH_OUT,288748.45,C897449057,72342.0,0.0,C187293920,33351.43,322099.87,0,0
142,TRANSFER,545541.26,C594157563,0.0,0.0,C1134504413,606584.86,1152126.12,0,0
186,CASH_OUT,263214.07,C144981913,0.0,0.0,C1027001117,327576.6,590790.67,0,0
211,CASH_OUT,55745.64,C734705218,275040.0,219294.36,C1839795,0.0,55745.64,0,0
371,CASH_OUT,43172.59,C170130619,160503.96,117331.37,C1741337660,261092.7,304265.3,0,0
102,CASH_OUT,22025.14,C505649715,22025.14,0.0,C2023092141,1730076.39,1752101.53,1,0
371,CASH_OUT,174896.57,C1767755902,0.0,0.0,C2110926290,4285973.57,4711117.28,0,0
181,CASH_OUT,229407.44,C775968301,42734.0,0.0,C126790646,0.0,229407.44,0,0
206,CASH_OUT,69088.95,C1790854713,22073.0,0.0,C2104984605,685816.22,754905.17,0,0
283,CASH_OUT,216669.09,C1257078177,52061.0,0.0,C881880097,0.0,216669.09,0,0
524,TRANSFER,6163.35,C1136680644,70583.0,64419.65,C1834768678,187006.17,193169.52,0,0
399,CASH_OUT,119771.92,C1108652135,11242.0,0.0,C1653366898,160989.81,280761.73,0,0
398,CASH_OUT,129791.75,C668310869,224727.0,94935.25,C342978729,321199.21,450990.96,0,0
350,CASH_OUT,301482.02,C206028863,533.0,0.0,C543117927,58280.21,359762.23,0,0
331,CASH_OUT,225700.71,C1696587704,0.0,0.0,C1446625493,968184.87,1193885.58,0,0
159,CASH_OUT,140377.49,C1484277356,36180.0,0.0,C1195623528,348557.36,488934.85,0,0
325,CASH_OUT,127579.84,C1089320110,12749.0,0.0,C677870935,391566.32,519146.15,0,0
228,TRANSFER,138822.43,C1558480770,0.0,0.0,C2050103637,6405407.01,6544229.44,0,0
279,CASH_OUT,45669.74,C616418590,5163.0,0.0,C1655967056,4416764.53,4462434.28,0,0
701,TRANSFER,91882.6,C2076485043,91882.6,0.0,C696774092,0.0,0.0,1,0
354,CASH_OUT,93628.06,C753280150,11670.0,0.0,C1391371643,4978986.53,5072614.59,0,0
203,CASH_OUT,122136.53,C895131609,6646.0,0.0,C1644942995,81031.24,203167.76,0,0
500,CASH_OUT,422870.32,C999519954,0.0,0.0,C149057811,10023846.57,10446716.89,0,0
205,CASH_OUT,49769.7,C1783613596,0.0,0.0,C475811287,904006.53,953776.23,0,0
237,CASH_OUT,471446.65,C1568117998,0.0,0.0,C549312778,541812.95,1013259.6,0,0
350,CASH_OUT,5963850.34,C1892591356,5963850.34,0.0,C1336813990,224597.16,6188447.5,1,0
250,CASH_OUT,180794.37,C336631274,2023.0,0.0,C493427200,6188.28,186982.65,0,0
395,CASH_OUT,356557.76,C1905850052,62365.0,0.0,C1272969220,0.0,356557.76,0,0
209,CASH_OUT,133494.31,C89784122,0.0,0.0,C1103896254,1899055.06,2032549.37,0,0
303,CASH_OUT,298203.26,C860934482,43057.0,0.0,C2120193466,25654.0,323857.26,0,0
229,CASH_OUT,381897.95,C1508007545,0.0,0.0,C1722732743,815192.18,1197090.13,0,0
251,CASH_OUT,52270.61,C659346658,0.0,0.0,C1087851300,521811.63,574082.24,0,0
189,CASH_OUT,389097.4,C1889741409,0.0,0.0,C1316591497,2874612.58,3263709.98,0,0
330,CASH_OUT,177624.55,C2003292818,0.0,0.0,C1774893580,506580.78,684205.33,0,0
10,CASH_OUT,233529.97,C696557696,79561.0,0.0,C778958566,0.0,709263.75,0,0
356,CASH_OUT,2533.72,C134845799,0.0,0.0,C1456958677,46676.28,49209.99,0,0
378,CASH_OUT,276599.58,C1898240644,0.0,0.0,C422085973,841064.74,1117664.33,0,0
187,CASH_OUT,346612.32,C1582283055,0.0,0.0,C109626905,958249.05,1304861.37,0,0
131,CASH_OUT,551079.84,C1901533682,102931.0,0.0,C1782215373,99686.94,650766.78,0,0
394,CASH_OUT,386744.23,C40467615,5156.0,0.0,C1749436427,0.0,386744.23,0,0
396,TRANSFER,556648.23,C560547840,21835.0,0.0,C653685741,1402176.05,1958824.28,0,0
403,CASH_OUT,2178303.49,C694832431,2178303.49,0.0,C1264552873,0.0,2178303.49,1,0
13,CASH_OUT,140776.26,C1670660248,104687.0,0.0,C975722314,0.0,140776.26,0,0
135,CASH_OUT,305730.46,C1421276023,17540.0,0.0,C149065519,462299.61,1180757.13,0,0
680,CASH_OUT,10000000.0,C2129111288,10000000.0,0.0,C503344531,128711.99,10128711.99,1,0
522,TRANSFER,785636.97,C668437591,9023.0,0.0,C2142793914,0.0,785636.97,0,0
335,TRANSFER,671336.87,C863571163,0.0,0.0,C2033971591,1684017.04,2355353.91,0,0
323,CASH_OUT,217009.19,C2068147104,13239.0,0.0,C1140889636,179256.29,396265.48,0,0
234,CASH_OUT,166724.13,C515836993,288660.0,121935.87,C1168182662,0.0,166724.13,0,0
163,TRANSFER,22490.61,C86398292,11619.0,0.0,C316704336,0.0,22490.61,0,0
352,CASH_OUT,121378.23,C1241075265,0.0,0.0,C1188111165,391412.94,512791.17,0,0
183,CASH_OUT,227016.78,C1703845936,99970.0,0.0,C1762903074,271022.7,498039.48,0,0
135,CASH_OUT,150814.23,C352044106,81344.25,0.0,C580603649,1686238.67,1837052.9,0,0
207,CASH_OUT,104315.65,C916236729,29948.0,0.0,C623022145,430700.92,535016.56,0,0
43,CASH_OUT,197019.96,C300795647,2547.0,0.0,C1372356244,2616941.63,2813961.59,0,0
306,CASH_OUT,26236.01,C495717506,7102.0,0.0,C1399146484,0.0,26236.01,0,0
11,CASH_OUT,148852.58,C1360291608,0.0,0.0,C1917371091,1867048.4,2244376.67,0,0
188,TRANSFER,609479.46,C1326799148,10398.0,0.0,C280861454,0.0,609479.46,0,0
202,CASH_OUT,97286.24,C1177259141,0.0,0.0,C1355302902,4998909.69,5096195.93,0,0
374,TRANSFER,909448.92,C1965327652,2635.0,0.0,C1278310871,0.0,909448.92,0,0
300,CASH_OUT,418453.99,C962493763,2082.0,0.0,C1582083600,0.0,418453.99,0,0
321,CASH_OUT,76835.87,C1094892077,0.0,0.0,C803007220,446195.76,523031.63,0,0
41,CASH_OUT,370122.93,C1873918583,0.0,0.0,C2133609533,2836887.42,3207010.35,0,0
403,TRANSFER,834145.98,C1239463721,0.0,0.0,C115280583,1501143.49,2335289.48,0,0
47,CASH_OUT,57195.91,C1354709219,0.0,0.0,C801372595,673048.31,730244.22,0,0
403,CASH_OUT,332294.35,C736990072,159.0,0.0,C2139903931,0.0,332294.35,0,0
202,CASH_OUT,57232.02,C1873369302,30027.0,0.0,C565135107,712797.1,770029.12,0,0
335,CASH_OUT,61759.27,C574235209,0.0,0.0,C782223608,1047038.62,1108797.89,0,0
401,TRANSFER,234121.27,C1482041424,31377.0,0.0,C1173957111,104171.87,338293.14,0,0
374,TRANSFER,66545.23,C973920863,103.0,0.0,C1705279786,559352.98,625898.21,0,0
399,CASH_OUT,72616.05,C91477440,0.0,0.0,C345383307,528711.9,601327.95,0,0
232,CASH_OUT,501267.18,C412099102,11065.0,0.0,C1503978614,0.0,501267.18,0,0
33,CASH_OUT,178247.6,C224219985,144856.0,0.0,C1524569937,0.0,178247.6,0,0
275,CASH_OUT,79371.73,C863988944,0.0,0.0,C876596523,226978.35,306350.08,0,0
38,CASH_OUT,104567.6,C1907774821,37699.0,0.0,C192773949,274521.42,379089.02,0,0
347,CASH_OUT,80312.2,C282321664,0.0,0.0,C1041290335,550272.79,1098250.21,0,0
334,TRANSFER,105195.87,C368829366,26431.0,0.0,C1942925678,34957.9,140153.77,0,0
158,CASH_OUT,310412.06,C1925429051,0.0,0.0,C622160496,2583342.22,2893754.28,0,0
33,CASH_OUT,112282.8,C1492814403,59502.0,0.0,C1353108132,0.0,112282.8,0,0
277,TRANSFER,1189985.63,C1844794482,0.0,0.0,C1920646135,2024668.36,3214653.99,0,0
739,CASH_OUT,156691.56,C1179416232,156691.56,0.0,C738050575,842252.15,998943.71,1,0
235,CASH_OUT,360672.71,C1123926524,0.0,0.0,C892306939,2553241.97,2913914.68,0,0
235,CASH_OUT,140846.78,C1118095298,0.0,0.0,C1929742790,656763.38,797610.16,0,0
16,CASH_OUT,156944.17,C474087087,0.0,0.0,C685802025,734286.36,1336781.7,0,0
252,CASH_OUT,77425.62,C593669524,0.0,0.0,C393597885,1503672.77,1586019.08,0,0
204,CASH_OUT,145134.34,C1636548714,0.0,0.0,C5630155,263659.24,408793.58,0,0
130,CASH_OUT,53051.25,C924157280,21319.0,0.0,C798731138,89384.99,142436.24,0,0
163,TRANSFER,629279.01,C1096539861,0.0,0.0,C1837727217,3662486.23,4291765.24,0,0
394,CASH_OUT,350486.15,C169704906,0.0,0.0,C563681231,1029985.49,1380471.63,0,0
226,CASH_OUT,176199.8,C1325865635,0.0,0.0,C808844671,3170317.41,3346517.21,0,0
182,CASH_OUT,131245.58,C969473768,43296.0,0.0,C1526246785,0.0,131245.58,0,0
183,CASH_OUT,136148.26,C1558454403,0.0,0.0,C626622618,1250230.99,1386379.25,0,0
206,CASH_OUT,242966.8,C1296881514,0.0,0.0,C1830751815,1697276.69,1940243.49,0,0
203,CASH_OUT,225517.94,C1100555433,0.0,0.0,C1595563319,3015552.23,3241070.16,0,0
350,CASH_OUT,59067.12,C1913724790,32360.0,0.0,C1324749124,0.0,59067.12,0,0
622,TRANSFER,668273.94,C1893589234,668273.94,0.0,C907656239,0.0,0.0,1,0
403,TRANSFER,949979.11,C1093983453,949979.11,0.0,C1655127778,0.0,0.0,1,0
209,CASH_OUT,110030.1,C995453246,27282.0,0.0,C1378756875,0.0,145298.14,0,0
318,TRANSFER,247455.25,C2126511572,247455.25,0.0,C1932237865,0.0,0.0,1,0
351,CASH_OUT,340460.03,C950810222,1538.0,0.0,C1194308697,1284037.86,1624497.89,0,0
34,CASH_OUT,71664.94,C910308098,25397.0,0.0,C129077530,258479.98,330144.92,0,0
8,CASH_OUT,102904.14,C851241214,139703.48,36799.34,C798678484,2384768.06,3249604.9,0,0
183,CASH_OUT,82065.33,C1082337044,60977.0,0.0,C1400157686,118089.04,200154.37,0,0
14,TRANSFER,502286.51,C2110867084,20525.0,0.0,C2115640160,10820.0,754221.63,0,0
14,CASH_OUT,164472.42,C1273073540,7156.0,0.0,C1287782964,61051.0,225523.42,0,0
135,TRANSFER,601576.28,C1079733807,107393.0,0.0,C1245417854,1984126.5,2585702.78,0,0
11,CASH_OUT,678081.82,C1202225735,0.0,0.0,C1546524717,1161812.83,2069071.48,0,0
254,CASH_OUT,316616.32,C877779007,0.0,0.0,C840397215,1119432.13,1436048.45,0,0
283,CASH_OUT,280497.77,C1414672157,10331.0,0.0,C1789996332,98223.83,378721.59,0,0
393,CASH_OUT,244152.78,C2025853718,0.0,0.0,C614794038,352081.74,596234.52,0,0
278,CASH_OUT,243541.68,C2067188881,0.0,0.0,C1110030010,1449676.23,1693217.91,0,0
208,TRANSFER,1506164.94,C1847925421,0.0,0.0,C1690370451,1649959.39,3156124.34,0,0
259,CASH_OUT,120541.24,C391936990,49785.0,0.0,C1453598576,77135.27,197676.51,0,0
305,CASH_OUT,62465.12,C1277889842,0.0,0.0,C268794765,12740321.58,12802786.71,0,0
262,CASH_OUT,40592.36,C902083988,25911.0,0.0,C806290407,182320.84,222913.2,0,0
542,CASH_OUT,48440.05,C1612588525,38933.0,0.0,C1490148604,157907.93,206347.98,0,0
300,CASH_OUT,74125.46,C447203417,52883.0,0.0,C1669714681,73195.85,147321.31,0,0
10,CASH_OUT,103794.14,C44597573,0.0,0.0,C1813863333,138721.9,252061.94,0,0
349,CASH_OUT,425658.97,C924084436,18777.0,0.0,C1645622652,245.73,425904.7,0,0
257,CASH_OUT,62650.14,C591237836,0.0,0.0,C1830150304,313846.96,376497.1,0,0
261,CASH_OUT,15167.88,C1905870752,100.0,0.0,C803459224,384518.81,399686.69,0,0
327,TRANSFER,339510.75,C75310019,0.0,0.0,C1628137793,1040899.3,1380410.05,0,0
374,CASH_OUT,330353.44,C896616863,0.0,0.0,C2026530393,1143508.11,1473861.55,0,0
305,CASH_OUT,74748.27,C2076311812,0.0,0.0,C1547359224,580421.34,655169.61,0,0
379,TRANSFER,2525807.02,C302224163,0.0,0.0,C1469589359,4754724.85,7280531.87,0,0
331,CASH_OUT,126492.61,C190307037,703.0,0.0,C1683549373,65873.09,192365.71,0,0
644,CASH_OUT,206811.13,C470139045,34144.0,0.0,C652066257,0.0,206811.13,0,0
153,CASH_OUT,235927.96,C868545133,0.0,0.0,C2047675602,1722381.12,1958309.09,0,0
18,TRANSFER,599690.37,C813598520,13793.0,0.0,C97839717,0.0,599690.37,0,0
372,CASH_OUT,33999.21,C361157477,45135.0,11135.79,C153972128,6656.56,40655.77,0,0
154,CASH_OUT,37670.3,C120232113,70874.0,33203.7,C2025603709,523214.78,560885.08,0,0
404,CASH_OUT,13849.03,C1639062519,74165.0,60315.97,C833370934,0.0,13849.03,0,0
348,CASH_OUT,279615.6,C1046869696,50388.0,0.0,C1873118365,2417678.33,2697293.93,0,0
439,CASH_OUT,101558.36,C326522375,0.0,0.0,C67016702,947357.94,1048916.3,0,0
278,CASH_OUT,112310.14,C190523178,0.0,0.0,C1560993289,308127.44,420437.58,0,0
28,TRANSFER,491517.77,C1029198062,491517.77,0.0,C1534111155,0.0,0.0,1,0
38,CASH_OUT,53772.98,C97176808,29855.0,0.0,C1446079378,52133.44,105906.42,0,0
234,CASH_OUT,162384.02,C1598654561,0.0,0.0,C1545556958,1338124.87,1500508.89,0,0
38,CASH_OUT,89473.62,C1855169445,22314.0,0.0,C721106192,4912430.93,5001904.55,0,0
348,CASH_OUT,264030.6,C888167980,0.0,0.0,C18055274,366135.64,630166.24,0,0
276,TRANSFER,334661.78,C1062620371,0.0,0.0,C620335151,648742.29,983404.07,0,0
41,CASH_OUT,217175.72,C1634095119,70837.0,0.0,C827172560,0.0,217175.72,0,0
227,CASH_OUT,179690.22,C1315692872,80539.0,0.0,C1407531192,0.0,179690.22,0,0
327,CASH_OUT,354628.61,C849053043,0.0,0.0,C202630678,2451055.25,2805683.86,0,0
36,CASH_OUT,238587.92,C300784673,7324.0,0.0,C1470024650,8540213.2,9114351.48,0,0
255,CASH_OUT,68605.71,C1483216439,15485.0,0.0,C1619669714,1003963.63,1072569.35,0,0
164,CASH_OUT,82088.41,C2142638653,10497.0,0.0,C1638411369,0.0,82088.41,0,0
129,CASH_OUT,122000.96,C571464447,0.0,0.0,C584680361,149926.47,271927.43,0,0
302,CASH_OUT,124876.42,C888876258,0.0,0.0,C864609718,2856633.19,2981509.61,0,0
283,CASH_OUT,158695.79,C172590610,0.0,0.0,C1989662223,902314.59,1061010.37,0,0
184,CASH_OUT,271139.59,C287274922,0.0,0.0,C427578534,366463.73,637603.31,0,0
324,CASH_OUT,60832.12,C226047964,0.0,0.0,C1060645903,115920.81,176752.93,0,0
134,CASH_OUT,253678.83,C1038239901,20113.0,0.0,C1533293414,256447.71,510126.53,0,0
186,CASH_OUT,108016.34,C158364875,50358.0,0.0,C220144222,175433.71,283450.05,0,0
302,TRANSFER,820911.65,C406902657,0.0,0.0,C30066726,984218.39,1805130.04,0,0
202,CASH_OUT,137582.64,C1229530396,0.0,0.0,C1107858390,526566.68,664149.33,0,0
283,CASH_OUT,156603.72,C91512922,0.0,0.0,C2017725630,780046.44,936650.16,0,0
135,CASH_OUT,60220.49,C375592820,0.0,0.0,C1563209247,128622.71,188843.2,0,0
349,CASH_OUT,370963.79,C239373112,0.0,0.0,C371271246,7827721.37,8198685.17,0,0
185,TRANSFER,2064224.49,C1921432303,99095.0,0.0,C2047075548,2326079.28,4390303.77,0,0
259,CASH_OUT,51456.09,C1700145547,3552.0,0.0,C329731901,758988.32,810444.4,0,0
188,CASH_OUT,157648.14,C2009995552,0.0,0.0,C1142161515,6325503.35,6483151.49,0,0
623,CASH_OUT,58050.78,C1057925060,58050.78,0.0,C151767337,0.0,58050.78,1,0
496,CASH_OUT,174725.11,C1679215077,174725.11,0.0,C2091877200,4415446.47,4590171.58,1,0
21,CASH_OUT,140428.59,C2123692025,268535.82,128107.22,C680344850,2326048.94,2466477.53,0,0
156,CASH_OUT,240100.82,C369440349,0.0,0.0,C666859799,241772.69,453790.21,0,0
283,CASH_OUT,174831.9,C978267343,0.0,0.0,C798696622,5361362.55,5536194.45,0,0
394,CASH_OUT,182279.23,C311979344,116.0,0.0,C647436577,61447.87,243727.1,0,0
184,CASH_OUT,535862.82,C172852394,0.0,0.0,C1915393040,1442405.48,1978268.29,0,0
354,CASH_OUT,83328.73,C886561970,0.0,0.0,C1685335328,7358463.79,7441792.53,0,0
396,CASH_OUT,313245.63,C1989443977,0.0,0.0,C1983491324,2386384.28,2699629.91,0,0
236,CASH_OUT,25387.64,C757786471,21704.0,0.0,C782875258,278533.37,303921.01,0,0
379,CASH_OUT,151873.37,C368546525,40413.0,0.0,C1505153201,322191.39,474064.76,0,0
187,CASH_OUT,137874.13,C1835614522,0.0,0.0,C8271807,19737475.4,19875349.53,0,0
